Store,avg_daily_sales,avg_daily_customers,sales_per_customer,promo_ratio,school_holiday_ratio,store_type,assortment,competition_distance,has_competition,cluster
1,4759.096031,564.049936,8.39303807,0.448143406,0.204865557,c,a,1270,1,1
2,4953.90051,583.9987245,8.408442847,0.451530612,0.195153061,a,a,570,1,1
3,6942.568678,750.0770218,9.117599139,0.449293967,0.200256739,a,a,14130,1,1
4,9638.401786,1321.752551,7.249827318,0.450255102,0.202806122,c,c,620,1,3
5,4676.274711,537.3401797,8.611229055,0.450577664,0.200256739,a,a,29910,1,1
6,5509.946154,635.2346154,8.634089481,0.451282051,0.2,a,a,310,1,1
7,8817.050891,948.5610687,9.232635097,0.450381679,0.184478372,a,c,24000,1,1
8,5539.358418,658.1977041,8.290322912,0.450255102,0.18494898,a,a,7520,1,1
9,6562.337612,579.8164313,11.20641256,0.449293967,0.200256739,a,c,2030,1,1
10,5568.420918,593.9553571,9.33190914,0.450255102,0.221938776,a,a,3160,1,1
11,8030.977041,1130.091837,7.045099681,0.450255102,0.18494898,a,c,960,1,1
12,7589.598214,896.9528061,8.34788867,0.450255102,0.18494898,a,c,1070,1,1
13,5034.747182,382.8341385,12.93548407,0.441223833,0.173913043,d,a,310,1,2
14,5508.567394,631.4672657,8.650134635,0.449293967,0.200256739,a,a,1300,1,1
15,6672.844388,663.4017857,9.953499746,0.450255102,0.18494898,d,c,4110,1,2
16,7680.683398,852.4774775,8.979153774,0.447876448,0.178893179,a,c,3270,1,1
17,6335.662404,791.6751918,7.836924285,0.45140665,0.195652174,a,a,50,1,1
18,6560.277494,713.2800512,9.101187791,0.45140665,0.195652174,d,c,13840,1,2
19,6464.915276,624.6700899,10.26294186,0.449293967,0.200256739,a,c,3240,1,1
20,7756.93538,848.5589661,9.222633442,0.437802908,0.176090468,d,a,2340,1,2
21,5482.320463,516.3616474,10.41170742,0.447876448,0.178893179,c,c,550,1,2
22,4525.857835,504.2471729,8.897388247,0.441033926,0.176090468,a,a,1040,1,1
23,5520.28113,482.436457,11.28343744,0.449293967,0.175866496,d,a,4060,1,2
24,9388.286264,835.4300385,11.09581607,0.449293967,0.200256739,a,c,4590,1,1
25,11168.74267,1570.362667,7.052107065,0.450666667,0.208,c,a,430,1,3
26,6671.695652,556.07289,11.81552145,0.45140665,0.195652174,d,a,2300,1,2
27,9478.573813,1074.758665,8.67708552,0.449293967,0.200256739,a,a,60,1,1
28,5313.736979,583.5885417,8.932706527,0.450520833,0.1953125,a,a,1200,1,1
29,7364.775353,653.7008986,11.09459473,0.449293967,0.200256739,d,c,2170,1,2
30,5294.782497,777.1274131,6.745731766,0.447876448,0.200772201,a,a,40,1,1
31,5862.427296,586.0510204,9.924857503,0.450255102,0.18494898,d,c,9800,1,2
32,4067.821256,477.1867955,8.410880326,0.441223833,0.173913043,a,a,2910,1,1
33,8436.65982,836.309371,10.02171556,0.449293967,0.200256739,a,c,1320,1,1
34,8031.485969,993.4591837,8.035134042,0.450255102,0.202806122,c,a,2240,1,1
35,9703.071887,729.6546855,13.06184476,0.449293967,0.200256739,d,c,7660,1,2
36,9363.638264,1090.318328,8.573610008,0.440514469,0.175241158,a,c,540,1,3
37,7114.170513,781.0910256,9.049371631,0.45,0.203846154,c,a,4230,1,1
38,6004.643132,535.3453145,11.05867715,0.449293967,0.200256739,d,a,1090,1,2
39,4852.571245,629.6161746,7.524005566,0.449293967,0.200256739,a,a,260,1,1
40,4902.338918,663.8208763,7.349694564,0.448453608,0.201030928,a,a,180,1,1
41,5335.059486,397.9598071,13.2974767,0.440514469,0.175241158,d,c,1180,1,2
42,10178.13607,1100.04878,9.159626752,0.449293967,0.200256739,a,c,290,1,1
43,6822.913992,610.1591784,11.05654982,0.449293967,0.200256739,d,a,4880,1,2
44,5478.5,640.0586735,8.452718406,0.450255102,0.202806122,a,a,540,1,1
45,5348.469833,415.381258,12.77473668,0.449293967,0.175866496,d,a,9710,1,2
46,5352.290997,660.5016077,7.968036772,0.440514469,0.175241158,c,a,1200,1,1
47,7145.102041,920.6505102,7.682890069,0.450255102,0.201530612,a,c,270,1,1
48,3934.966837,429.2334184,9.152884386,0.450255102,0.201530612,a,a,1060,1,1
49,7304.113256,531.7078507,13.61254764,0.447876448,0.178893179,d,c,18010,1,2
50,4256.070603,358.7997433,11.72275493,0.449293967,0.175866496,d,a,6260,1,2
51,6675.286174,496.9871383,13.35080908,0.440514469,0.175241158,a,c,10570,1,2
52,7407.945338,503.4983923,14.59344858,0.440514469,0.175241158,d,c,450,1,2
53,5264.807398,566.7091837,9.202859756,0.450255102,0.18494898,a,c,30360,1,1
54,7907.538854,730.4789809,10.75787078,0.450955414,0.203821656,d,c,7170,1,2
55,4598.989744,558.9641026,8.117352444,0.451282051,0.2,a,a,720,1,1
56,7321.754161,506.9385403,14.36483416,0.448143406,0.204865557,d,c,6620,1,2
57,10605.50455,989.8062419,10.53997589,0.451235371,0.202860858,d,c,420,1,2
58,6336.158909,513.1476726,12.16947536,0.44141252,0.176565008,a,c,7340,1,2
59,5501.31202,564.0153453,9.616598538,0.45140665,0.195652174,a,c,2840,1,1
60,8033.087179,713.4730769,11.11323382,0.451282051,0.2,d,c,5540,1,2
61,4722.005148,571.7387387,8.188622013,0.447876448,0.178893179,a,c,350,1,1
62,6503.866496,717.9833119,9.014748668,0.449293967,0.200256739,a,a,2050,1,1
63,6956.387755,638.8520408,10.77289366,0.450255102,0.18494898,c,c,3700,1,2
64,10359.52503,792.8536585,12.9351121,0.449293967,0.200256739,d,c,22560,1,2
65,5112.894872,455.9,11.0673147,0.45,0.203846154,a,c,13840,1,1
66,6114.36036,524.0566281,11.62505932,0.447876448,0.178893179,d,a,7660,1,2
67,7828.930502,798.3230373,9.69907518,0.447876448,0.178893179,a,c,410,1,1
68,7563.252551,1151.954082,6.501634871,0.450255102,0.18494898,a,c,250,1,1
69,9426.451985,1183.663252,7.896438163,0.448143406,0.204865557,c,c,1130,1,3
70,6608.028133,679.0971867,9.629059993,0.448849105,0.222506394,c,c,4840,1,1
71,9061.097561,746.9204108,11.96931928,0.449293967,0.200256739,a,a,17500,1,1
72,4420.025682,474.8603531,9.070569376,0.44141252,0.176565008,a,a,2200,1,1
73,4576.978316,494.1352041,9.213262668,0.450255102,0.18494898,a,c,1650,1,1
74,6256.630155,854.2229381,7.246817074,0.448453608,0.201030928,a,a,330,1,1
75,6023.454082,642.1403061,9.324925958,0.450255102,0.18494898,d,c,22440,1,2
76,8999.547352,928.0963082,9.612797998,0.44141252,0.176565008,d,c,19960,1,2
77,7621.489117,662.8335467,11.36666638,0.448143406,0.204865557,d,c,1090,1,2
78,3717.473077,494.8589744,7.400858722,0.45,0.203846154,a,a,3510,1,1
79,5474.240669,560.4877735,9.641750036,0.447876448,0.178893179,a,a,3320,1,1
80,7616.273427,577.745828,13.10054333,0.449293967,0.175866496,d,a,7910,1,2
81,6985.688103,561.4983923,12.3897727,0.440514469,0.175241158,a,a,2370,1,1
82,9019.653402,838.5596919,10.61920498,0.449293967,0.200256739,a,a,22390,1,1
83,3887.706033,345.8395379,11.16152887,0.449293967,0.200256739,a,a,2710,1,1
84,12955.99743,1392.310655,9.227294474,0.449293967,0.200256739,a,c,11810,1,3
85,7272.454352,1015.401274,7.119746921,0.382165605,0.183651805,b,a,1870,1,3
86,4695.021851,604.9601542,7.657311547,0.448586118,0.200514139,a,a,480,1,1
87,5865.16199,737.4477041,7.931231759,0.450255102,0.202806122,a,a,560,1,1
88,6024.433333,613.4910256,9.660038563,0.45,0.203846154,a,a,10690,1,1
89,5971.339228,624.1752412,9.539316866,0.440514469,0.175241158,a,a,2380,1,1
90,8416.768638,1057.060411,7.90098487,0.449871465,0.200514139,a,a,330,1,1
91,5559.002571,613.9305913,8.989314833,0.448586118,0.178663239,c,a,2410,1,1
92,5996.684211,547.0577664,10.77145857,0.449293967,0.200256739,c,a,240,1,1
93,5965.175866,603.5545571,9.809917855,0.449293967,0.200256739,a,a,16690,1,1
94,7121.143774,640.1437741,10.97430241,0.449293967,0.200256739,d,c,14620,1,2
95,7638.54359,843.7192308,8.965450008,0.451282051,0.2,a,a,1890,1,1
96,5176.888462,542.774359,9.356967091,0.451282051,0.2,a,a,8780,1,1
97,6703.396154,688.8307692,9.626975253,0.451282051,0.2,d,c,8980,1,2
98,5109.863928,451.5853659,11.19577605,0.449293967,0.200256739,d,c,15140,1,2
99,5130.5209,465.5209003,10.88378655,0.440514469,0.175241158,c,c,2030,1,2
100,7964.412541,686.2194719,11.54650592,0.437293729,0.179867987,d,a,17930,1,2
101,7469.877551,777.1556122,9.531711845,0.450255102,0.18494898,d,c,2440,1,2
102,7079.526658,1051.713914,6.602224239,0.44863459,0.191157347,a,a,150,1,1
103,4689.497623,421.6164818,11.05383006,0.445324881,0.204437401,d,c,5210,1,2
104,10126.53699,1312.377551,7.693295587,0.450255102,0.202806122,a,a,390,1,3
105,4441.367374,515.0490716,8.506618849,0.448275862,0.179045093,a,c,6190,1,1
106,8668.819355,825.6477419,10.4456366,0.452903226,0.196129032,a,a,1390,1,1
107,7336.589286,955.3112245,7.64165322,0.450255102,0.221938776,a,a,1930,1,1
108,11035.36013,848.7813505,12.92191049,0.440514469,0.175241158,d,c,2190,1,2
109,6464.32398,742.3762755,8.634331638,0.450255102,0.18494898,a,c,3300,1,1
110,4534.429847,587.4387755,7.686484912,0.450255102,0.18494898,a,c,46590,1,1
111,6771.745198,597.6747759,11.22190499,0.448143406,0.204865557,d,c,7890,1,2
112,6229.44898,775.9936224,8.009287859,0.450255102,0.221938776,a,a,1630,1,1
113,7199.07717,699.3135048,10.2169081,0.440514469,0.175241158,d,c,20930,1,2
114,5346.559949,608.125,8.717191221,0.451530612,0.195153061,c,a,4510,1,1
115,7371.689711,552.0450161,13.28075695,0.440514469,0.175241158,d,c,5740,1,2
116,7294.545338,758.247765,9.575892943,0.45083014,0.201787995,a,a,680,1,1
117,3881.956354,492.0654685,7.814028025,0.449293967,0.200256739,a,a,3450,1,1
118,7781.606138,675.5460358,11.3528596,0.450127877,0.184143223,d,c,3580,1,2
119,6005.085459,664.9642857,8.960395588,0.450255102,0.18494898,a,c,2100,1,1
120,7110.102433,638.1959027,11.0291824,0.448143406,0.204865557,d,a,2290,1,2
121,4453.171795,504.1128205,8.839732752,0.451282051,0.2,a,a,3570,1,1
122,6462.014689,793.780791,8.08475052,0.4,0.167231638,a,c,58260,1,2
123,8399.204427,959.7773438,8.604713055,0.450520833,0.19921875,a,a,16760,1,1
124,4424.146341,525.6829268,8.3740253,0.449293967,0.200256739,a,a,1410,1,1
125,11836.84821,1573.941327,7.456884383,0.450255102,0.202806122,a,a,760,1,3
126,6507.75353,543.8125802,11.80863794,0.449293967,0.200256739,d,a,3370,1,2
127,5238.154093,659.7479936,7.816420205,0.44141252,0.176565008,d,a,1350,1,1
128,7454.672215,594.6824584,12.37187526,0.448143406,0.204865557,d,c,2000,1,2
129,9208.120579,1165.463023,7.843029263,0.440514469,0.175241158,a,a,2460,1,3
130,5121.06274,573.7451985,8.888182246,0.448143406,0.204865557,c,a,900,1,1
131,5275.404365,558.8973042,9.358993644,0.449293967,0.200256739,c,a,920,1,1
132,6283.255627,582.4051447,10.67554699,0.440514469,0.175241158,d,c,1040,1,2
133,6467.759591,758.8273657,8.447328465,0.45140665,0.195652174,a,a,270,1,1
134,4725.891582,494.5969388,9.56461648,0.450255102,0.202806122,a,a,1200,1,1
135,5952.416133,539.7810499,10.94444366,0.448143406,0.204865557,d,a,5190,1,2
136,5488.818328,423.9807074,12.71925299,0.440514469,0.175241158,a,c,2200,1,2
137,8274.982315,957.2813505,8.61587374,0.440514469,0.175241158,a,a,1730,1,1
138,7334.917949,714.4435897,10.19588594,0.451282051,0.2,a,c,25360,1,1
139,6464.149518,513.8151125,12.51364038,0.440514469,0.175241158,a,a,1700,1,1
140,7469.049936,963.6120359,7.694425552,0.448143406,0.204865557,a,c,1090,1,1
141,5540.741313,611.8983269,8.94736263,0.447876448,0.178893179,c,c,1540,1,2
142,4603.96534,568.7355584,8.054861872,0.449293967,0.200256739,a,a,1090,1,1
143,6314.756098,582.042362,10.69387454,0.449293967,0.175866496,d,a,2930,1,2
144,7718.2064,728.8896,10.52156978,0.4384,0.1744,a,c,16570,1,2
145,8342.263158,1267.786184,6.54499024,0.442434211,0.177631579,a,a,280,1,3
146,7812.830552,702.4223363,10.99456808,0.449293967,0.200256739,d,c,8050,1,2
147,8212.558408,879.6161746,9.24829134,0.449293967,0.200256739,d,c,8540,1,2
148,8638.965561,819.4770408,10.501585,0.450255102,0.202806122,a,a,2090,1,1
149,5567.483923,486.2186495,11.32879448,0.440514469,0.175241158,d,a,2610,1,2
150,8417.241071,820.3966837,10.14794551,0.450255102,0.18494898,c,c,31830,1,2
151,6755.764103,652.0076923,10.22168554,0.45,0.203846154,d,c,4360,1,2
152,5541.939666,621.4030809,8.733910744,0.449293967,0.200256739,a,a,1780,1,1
153,7066.81258,633.8793325,10.87856249,0.449293967,0.200256739,a,a,16240,1,1
154,8737.573624,737.4302177,11.7182962,0.448143406,0.204865557,d,c,16420,1,2
155,6886.852327,660.3081862,10.34258669,0.44141252,0.176565008,d,a,3050,1,2
156,6961.611253,712.6202046,9.551147813,0.45140665,0.195652174,a,a,2020,1,1
157,9722.790757,989.830552,9.739179544,0.449293967,0.200256739,a,c,2950,1,1
158,8156.865212,519.9845956,15.63401112,0.449293967,0.175866496,d,c,11840,1,2
159,7748.608347,695.9727127,10.98035345,0.44141252,0.176565008,d,a,8530,1,2
160,5730.658131,559.184379,10.13906896,0.448143406,0.204865557,d,c,17110,1,2
161,7252.598203,819.2182285,8.7989298,0.449293967,0.200256739,a,c,2970,1,1
162,7768.131882,555.6952625,13.79938724,0.448143406,0.204865557,d,c,5340,1,2
163,7298.706633,870.8048469,8.362886216,0.450255102,0.202806122,a,a,1480,1,1
164,6210.218299,633.4333868,9.648233633,0.44141252,0.176565008,a,a,1160,1,1
165,3996.834405,422.6543408,9.397929154,0.440514469,0.175241158,a,a,3720,1,1
166,5819.24647,817.2682927,7.058447372,0.449293967,0.200256739,a,c,100,1,1
167,9295.779487,1055.184615,8.66292277,0.45,0.203846154,a,a,140,1,1
168,7517.148005,731.2445302,10.16297342,0.447876448,0.178893179,a,a,12540,1,1
169,7218.928198,687.9164491,10.41304748,0.447780679,0.189295039,d,a,980,1,2
170,5009.441592,543.762516,9.132161976,0.449293967,0.200256739,a,a,1070,1,1
171,8429.147625,867.2451861,9.601289895,0.449293967,0.200256739,a,a,2640,1,1
172,6981.672026,868.9019293,8.000194461,0.440514469,0.175241158,a,a,110,1,1
173,8232.783163,1006.53699,8.106952627,0.450255102,0.202806122,a,a,350,1,1
174,5936.540193,479.522508,12.34085654,0.440514469,0.175241158,a,a,13090,1,2
175,5784.548469,690.7079082,8.313169996,0.450255102,0.201530612,c,a,4130,1,1
176,5278.17715,631.9987163,8.210750249,0.449293967,0.200256739,a,a,3770,1,1
177,3994.096154,485.2769231,8.132837041,0.45,0.203846154,a,a,1250,1,1
178,10089.92564,923.5653846,10.7642048,0.451282051,0.2,d,a,1710,1,2
179,7295.274711,955.8318357,7.527606001,0.449293967,0.200256739,a,c,480,1,1
180,7220.061224,843.2385204,8.492979547,0.450255102,0.201530612,d,a,5800,1,1
181,6382.698234,668.7897271,9.368387097,0.44141252,0.176565008,a,a,12610,1,1
182,5304.654289,417.793854,12.56322533,0.448143406,0.204865557,d,c,1390,1,2
183,4821.335516,601.0360065,7.934057673,0.441898527,0.178396072,a,a,9670,1,1
184,6594.297297,595.6679537,10.95471602,0.449163449,0.200772201,d,c,3560,1,2
185,7170.617347,545.2283163,13.00774838,0.450255102,0.202806122,d,c,1860,1,2
186,3783.839228,381.0594855,9.832910256,0.440514469,0.175241158,a,a,290,1,1
187,6279.733418,775.7079082,8.052000739,0.450255102,0.18494898,a,c,19360,1,1
188,4986.952503,438.2400513,11.19997084,0.449293967,0.175866496,d,a,850,1,2
189,8762.929397,837.1258023,10.38034148,0.449293967,0.175866496,d,a,5760,1,2
190,7198.954984,656.1045016,10.90550534,0.440514469,0.175241158,a,a,1470,1,1
191,6838.937299,713.8585209,9.541896441,0.440514469,0.175241158,a,a,1100,1,1
192,9016.834405,645.4131833,13.79308264,0.440514469,0.175241158,d,c,2770,1,2
193,5362.036036,781.6589447,6.742343595,0.447876448,0.178893179,a,a,520,1,1
194,4829.492921,417.6499356,11.48590003,0.447876448,0.178893179,d,c,16970,1,2
195,10713.17972,1298.440308,8.178363852,0.449293967,0.200256739,a,c,220,1,3
196,5216.336317,696.8529412,7.39302544,0.45140665,0.195652174,c,a,3850,1,1
197,6846.668367,842.2806122,8.038681697,0.450255102,0.201530612,c,a,4210,1,1
198,2900.604859,338.4782609,8.229190332,0.45140665,0.195652174,a,a,290,1,1
199,7955.697047,624.5827985,12.59885087,0.449293967,0.175866496,d,c,6360,1,2
200,7729.544288,967.6534018,7.952491495,0.449293967,0.200256739,a,a,1650,1,1
201,5249.351733,444.2156611,11.75411004,0.449293967,0.200256739,d,a,20260,1,2
202,6065.797695,509.3918054,11.81559805,0.448143406,0.204865557,d,c,5140,1,2
203,6775.240409,882.5498721,7.596543196,0.448849105,0.204603581,c,c,490,1,1
204,5486.247588,524.1784566,10.43809737,0.440514469,0.175241158,a,a,5630,1,1
205,6536.820153,879.1862245,7.345748794,0.450255102,0.202806122,a,a,110,1,1
206,7157.55199,799.9050064,8.865652498,0.449293967,0.200256739,a,c,380,1,1
207,11184.20663,1300.381378,8.469873639,0.450255102,0.18494898,a,a,6870,1,3
208,2936.290816,413.4719388,7.048267221,0.450255102,0.202806122,c,a,300,1,1
209,5587.782313,577.19161,9.606841552,0.401360544,0.167800454,a,c,11680,1,2
210,3193.984596,326.2593068,9.677723195,0.449293967,0.175866496,d,a,970,1,2
211,12994.34566,1485.804847,8.673314095,0.450255102,0.202806122,a,c,350,1,3
212,4775.656888,460.7576531,10.30797951,0.450255102,0.18494898,a,c,15050,1,1
213,8131.041078,652.6662388,12.30243577,0.449293967,0.200256739,d,c,4030,1,2
214,9331.875481,715.4505777,12.96206671,0.449293967,0.200256739,d,a,8650,1,2
215,6313.492754,490.2834138,12.70989659,0.441223833,0.173913043,d,a,150,1,2
216,7226.775773,887.6726804,8.050309625,0.448453608,0.201030928,c,a,190,1,1
217,4700.887755,642.880102,7.260511204,0.450255102,0.201530612,c,a,3150,1,1
218,5018.57717,696.3987138,7.143547288,0.440514469,0.175241158,a,c,640,1,1
219,3133.712452,406.4441592,7.674137576,0.449293967,0.200256739,a,a,1640,1,1
220,4906.43299,644.6237113,7.559214523,0.448453608,0.201030928,a,a,1000,1,1
221,5821.83801,552.75,10.43474818,0.450255102,0.18494898,d,c,13530,1,2
222,4982.456633,561.5637755,8.759635417,0.450255102,0.202806122,a,a,2170,1,1
223,7232.875959,738.7161125,9.654168484,0.45140665,0.195652174,d,c,2920,1,2
224,6629.749035,478.6602317,13.70568107,0.447876448,0.178893179,d,c,7930,1,2
225,5197,556.326087,9.245760229,0.45140665,0.203324808,d,a,10180,1,2
226,7257.290653,703.0115237,10.26820301,0.448143406,0.204865557,a,a,450,1,1
227,6028.297262,561.8878748,10.59902167,0.449804433,0.203389831,a,a,2370,1,1
228,7946.139923,593.1168164,13.33879471,0.449293967,0.200256739,d,c,10800,1,2
229,8645.363286,734.2516046,11.64344659,0.449293967,0.175866496,d,c,17410,1,2
230,7561.640306,940.2270408,7.971405606,0.450255102,0.18494898,d,c,6680,1,2
231,4770.279743,394.5016077,11.9569903,0.440514469,0.175241158,d,c,3840,1,2
232,3376.759477,304.2326797,10.95684149,0.448366013,0.207843137,c,c,13570,1,2
233,9431.089629,1031.665813,9.086097042,0.448143406,0.204865557,a,a,1890,1,1
234,11072.31579,1024.721438,10.61137924,0.449293967,0.200256739,d,a,4370,1,2
235,5935.448143,501.1293214,11.62579867,0.448143406,0.204865557,a,a,5710,1,1
236,7119.563776,864.7882653,8.169664292,0.450255102,0.202806122,a,a,1000,1,1
237,4535.991071,574.7308673,7.906421418,0.450255102,0.202806122,a,a,1420,1,1
238,7671.733333,1102.797386,6.889401052,0.448366013,0.192156863,a,a,320,1,1
239,5071.210526,472.0680359,10.60966317,0.449293967,0.200256739,d,c,610,1,2
240,4812.035714,459.7538265,10.40776976,0.450255102,0.202806122,a,a,1110,1,1
241,6583.227214,704.7188703,9.27061743,0.449293967,0.200256739,d,c,780,1,2
242,4093.09475,365.8463508,10.96459512,0.448143406,0.204865557,d,a,6880,1,2
243,7074.070626,953.4670947,7.302593279,0.44141252,0.176565008,a,a,310,1,1
244,5271.098845,540.3427471,9.571197877,0.449293967,0.200256739,d,a,710,1,2
245,8897.663252,1020.756722,8.695289736,0.448143406,0.204865557,a,c,1310,1,1
246,7081.054847,937.2997449,7.501609275,0.450255102,0.201530612,c,a,4660,1,1
247,8576.710627,683.9667093,12.37306019,0.448143406,0.204865557,d,c,70,1,2
248,8362.170918,1112.535714,7.437888661,0.450255102,0.18494898,a,c,340,1,1
249,5285.82398,537.7346939,9.747802342,0.450255102,0.18494898,d,c,18010,1,2
250,8470.62356,657.9385403,12.6709252,0.448143406,0.204865557,d,a,3520,1,2
251,19123.06804,2450.49294,7.770228687,0.449293967,0.200256739,a,c,340,1,3
252,10615.5122,809.6302953,12.96441158,0.449293967,0.200256739,d,c,22330,1,2
253,5746.724005,690.7137356,8.160851106,0.449293967,0.200256739,a,c,250,1,1
254,3005.983312,258.6739409,11.48808125,0.449293967,0.175866496,d,a,330,1,2
255,6271.130937,640.3632863,9.706745569,0.449293967,0.200256739,c,c,4630,1,2
256,9832.878866,1247.194588,7.794548517,0.448453608,0.201030928,a,c,80,1,3
257,5335.585459,632.0102041,8.419017934,0.450255102,0.202806122,a,a,420,1,1
258,5642.096463,493.8858521,11.374099,0.440514469,0.175241158,a,a,27190,1,2
259,11656.14501,2374.844253,4.884189252,0.382384533,0.207303974,b,b,210,1,3
260,6559.997449,911.4489796,7.183939526,0.450255102,0.202806122,a,a,540,1,1
261,12616.4878,948.9345315,12.93260984,0.449293967,0.196405648,d,c,15340,1,2
262,20718.51592,3402.010616,6.057073302,0.382165605,0.17940552,b,a,1180,1,3
263,3707.516077,355.8553055,10.31191108,0.440514469,0.175241158,a,c,1140,1,1
264,7234.240157,954.3753281,7.465028458,0.450131234,0.208661417,a,a,180,1,1
265,4954.829268,503.2554557,9.67106671,0.449293967,0.175866496,a,a,4580,1,1
266,4389.757692,531.3884615,8.235564913,0.451282051,0.2,a,c,360,1,1
267,9289.160714,1124.515306,8.229022986,0.450255102,0.18494898,c,a,2460,1,1
268,4881.173469,598.0293367,8.031743145,0.450255102,0.221938776,a,a,4520,1,1
269,9346.706033,1231.100128,7.470796292,0.449293967,0.200256739,a,c,60,1,3
270,9291.623724,1205.067602,7.67138208,0.450255102,0.202806122,a,a,1450,1,1
271,7841.691026,791.8602564,9.857271078,0.451282051,0.2,a,a,420,1,1
272,6237.314981,629.5608195,9.736090072,0.448143406,0.204865557,a,a,16180,1,1
273,7059.648267,703.6521181,9.891063376,0.449293967,0.200256739,a,c,8480,1,1
274,4070.828326,992.7414163,4.035349528,0.384120172,0.207081545,b,b,3640,1,3
275,7443.842444,749.2974277,9.856090668,0.440514469,0.175241158,d,a,300,1,2
276,4091.194872,520.9487179,7.808187761,0.451282051,0.2,a,a,2960,1,1
277,6444.519293,535.2459807,11.90873745,0.440514469,0.175241158,d,c,7840,1,2
278,7142.167092,792.5994898,8.932139118,0.450255102,0.18494898,a,c,9260,1,1
279,8881.089888,667.5329053,13.04694363,0.44141252,0.176565008,d,c,2320,1,2
280,6267.48906,521.0592021,11.96912904,0.447876448,0.178893179,d,c,18640,1,2
281,5860.617347,549.6543367,10.59808203,0.450255102,0.18494898,d,c,6970,1,2
282,4408.584184,640.9834184,6.827004072,0.450255102,0.202806122,a,a,1220,1,1
283,7114.159164,718.3263666,9.851969016,0.440514469,0.175241158,a,a,2260,1,1
284,5413.250804,449.9324759,11.88834038,0.440514469,0.175241158,d,a,1290,1,2
285,5154.924456,470.2381562,10.8774856,0.448143406,0.204865557,a,a,2410,1,1
286,4927.820282,430.4557125,11.18541813,0.449293967,0.196405648,a,a,1460,1,1
287,8152.400322,818.9983923,9.903484494,0.440514469,0.175241158,c,a,2740,1,2
288,5625.733119,422.5176849,13.1661361,0.440514469,0.175241158,d,a,800,1,2
289,6321.227913,553.709347,11.31696056,0.448143406,0.204865557,d,a,6540,1,2
290,7014.157895,682.7060334,10.13455862,0.449293967,0.200256739,a,a,4150,1,1
291,8023.039744,840.35,9.430310596,0.451282051,0.2,d,a,83446,0,4
292,5774.090078,706.5221932,8.111696977,0.447780679,0.191906005,a,a,1100,1,1
293,6257.765006,815.3754789,7.585029348,0.449553001,0.203065134,c,c,140,1,1
294,5770.28041,766.0243278,7.460094387,0.448143406,0.204865557,a,a,3150,1,1
295,5285.431145,670.980695,7.801892082,0.447876448,0.178893179,a,a,210,1,1
296,6963.460948,754.8079385,9.174010245,0.448143406,0.204865557,a,a,9580,1,1
297,6992.070785,719.9305019,9.599558256,0.447876448,0.178893179,a,a,2300,1,1
298,8398.617363,691.2845659,12.08947898,0.440514469,0.175241158,d,a,19840,1,2
299,6235.306122,682.8287982,9.118645665,0.401360544,0.16893424,d,c,38630,1,2
300,7077.595908,878.6918159,7.994660368,0.448849105,0.204603581,a,c,120,1,1
301,5538.441327,596.1428571,9.237518876,0.450255102,0.18494898,a,c,4510,1,1
302,3742.284251,323.3393086,11.45128274,0.448143406,0.204865557,d,c,2190,1,2
303,6188.154047,674.0013055,9.055934136,0.445169713,0.189295039,a,a,15430,1,1
304,7067.702806,1055.938776,6.628934265,0.450255102,0.221938776,a,a,1950,1,1
305,5347.341869,507.4583867,10.36664167,0.448143406,0.204865557,c,c,2470,1,2
306,4368.866559,467.8794212,9.287226379,0.440514469,0.175241158,a,a,5100,1,1
307,2703.736573,307.8056266,8.637510196,0.45140665,0.195652174,a,a,18660,1,1
308,9353.16276,938.4804688,9.840783508,0.44921875,0.19140625,a,a,1070,1,1
309,6971.319641,591.0320924,11.6152524,0.449293967,0.200256739,d,a,8740,1,2
310,8236.363434,699.6700111,11.54041966,0.394648829,0.164994426,a,c,2290,1,3
311,6638.587708,789.1587708,8.404061605,0.448143406,0.204865557,a,c,680,1,1
312,5568.15749,538.653009,10.18525707,0.448143406,0.204865557,d,a,11300,1,2
313,7075.494885,707.0140665,9.84198973,0.45140665,0.195652174,d,c,14160,1,2
314,5137.715019,571.2580231,8.903737137,0.449293967,0.200256739,a,a,3560,1,1
315,4252.410714,449.5727041,9.387387155,0.450255102,0.18494898,a,c,38710,1,2
316,9855.62516,901.8382542,10.80083545,0.449293967,0.200256739,d,a,9000,1,2
317,5379.485531,579.318328,9.234269368,0.440514469,0.175241158,d,a,3140,1,2
318,7527.716667,658.7461538,11.29773924,0.451282051,0.2,d,c,32330,1,2
319,7787.076531,843.684949,9.192132296,0.450255102,0.18494898,a,c,570,1,1
320,14834.46173,2063.123724,7.127220381,0.450255102,0.18494898,a,c,210,1,3
321,5958.317949,585.4641026,10.10389442,0.451282051,0.2,c,c,8140,1,2
322,5021.172634,547.8670077,9.025051602,0.45140665,0.195652174,a,a,17500,1,1
323,7365.359435,621.1424904,11.7770694,0.449293967,0.175866496,d,c,8400,1,2
324,5687.985897,721.7346154,7.691807296,0.45,0.203846154,a,a,13140,1,1
325,6484.6457,673.0603338,9.606686507,0.449293967,0.200256739,a,c,350,1,1
326,5008.903723,418.7419769,11.87669007,0.449293967,0.175866496,d,a,10070,1,2
327,7738.189189,930.6795367,8.226263379,0.451737452,0.204633205,c,c,1390,1,1
328,4432.029525,520.3992298,8.472266539,0.449293967,0.200256739,a,a,3130,1,1
329,6912.716303,620.521181,11.0147062,0.449293967,0.200256739,a,a,1310,1,1
330,4166.637997,447.5545571,9.226197082,0.449293967,0.200256739,a,c,370,1,1
331,6160.856226,820.2053915,7.450562981,0.449293967,0.175866496,a,c,670,1,1
332,3728.566667,501.4974359,7.382038729,0.45,0.203846154,a,a,1840,1,1
333,9773.190051,1267.109694,7.663106046,0.450255102,0.201530612,a,c,3720,1,3
334,5428.385109,562.139923,9.589267599,0.449293967,0.200256739,d,c,4040,1,2
335,13313.93949,2385.282378,5.500065945,0.382165605,0.180467091,b,a,90,1,3
336,13910.66154,1960.311538,7.022094265,0.447435897,0.205128205,a,a,190,1,3
337,5049.653009,383.9308579,13.06967749,0.448143406,0.204865557,d,c,10600,1,2
338,7217.953905,624.731114,11.44983006,0.448143406,0.204865557,a,c,1590,1,1
339,5147.255968,681.1618037,7.492085991,0.450928382,0.179045093,a,c,2280,1,1
340,6485.642857,715.0382653,8.982668756,0.450255102,0.18494898,a,c,8080,1,1
341,5511.534018,750.1347882,7.279666376,0.449293967,0.200256739,a,a,190,1,1
342,11104.13849,849.7342995,13.00457603,0.439613527,0.175523349,d,c,15770,1,2
343,7199.365854,702.1591784,10.11976188,0.449293967,0.200256739,d,a,18650,1,2
344,8481.108418,1139.410714,7.320625278,0.450255102,0.201530612,a,c,300,1,1
345,4559.585209,494.3778135,9.155487362,0.440514469,0.175241158,a,a,120,1,1
346,6830.500642,619.6983312,10.94951263,0.449293967,0.200256739,a,c,8090,1,1
347,4804.190476,386.6846847,12.3639088,0.447876448,0.178893179,d,c,9360,1,2
348,8802.974874,735.5577889,11.84663078,0.442211055,0.182579564,a,a,16490,1,1
349,8159.215714,829.59,9.798339666,0.45,0.204285714,c,c,1490,1,2
350,7013.133163,529.4135723,13.12658822,0.448143406,0.204865557,d,a,8880,1,2
351,6046.867779,518.8241335,11.52924454,0.449293967,0.200256739,a,a,5290,1,1
352,6692.232143,636.9540816,10.44050019,0.450255102,0.18494898,d,c,6360,1,2
353,5651.368817,1451.086022,3.860213054,0.382795699,0.166666667,b,b,900,1,3
354,8390.581515,705.4518614,11.79061687,0.449293967,0.200256739,d,c,1500,1,2
355,9148.811224,1101.663265,8.240914948,0.450255102,0.18494898,a,c,9720,1,1
356,5719.281853,435.8018018,13.03095304,0.447876448,0.178893179,d,c,8970,1,2
357,7805.633638,1018.498044,7.551510293,0.452411995,0.203389831,a,a,2060,1,1
358,10306.11168,1122.591784,9.071530531,0.449293967,0.200256739,a,a,2890,1,1
359,6851.255456,611.9499358,11.13942844,0.449293967,0.175866496,d,c,4370,1,2
360,6935.459184,756.5408163,9.072259667,0.450255102,0.202806122,a,a,2040,1,1
361,6266.883333,637.8230769,9.72226274,0.45,0.203846154,c,c,4490,1,2
362,9376.65557,1150.618438,8.095912865,0.448143406,0.204865557,c,c,340,1,1
363,7134.200255,937.0854592,7.561742715,0.450255102,0.202806122,a,a,250,1,1
364,4564.955787,569.1027308,7.908386405,0.44993498,0.178153446,a,c,13620,1,1
365,5440.594203,587.2061192,9.157852919,0.441223833,0.173913043,c,a,2410,1,1
366,6196.762821,600.9282051,10.15939904,0.45,0.203846154,d,c,6470,1,2
367,5254.23852,542.7895408,9.527644504,0.450255102,0.18494898,d,c,2640,1,2
368,9686.268983,712.8803089,13.31691946,0.447876448,0.178893179,d,c,1450,1,2
369,6856.559539,577.2855314,11.81335239,0.448143406,0.204865557,d,c,5870,1,2
370,7649.643132,635.6328626,11.93428989,0.449293967,0.200256739,d,a,8250,1,2
371,6889.756722,544.4110115,12.4941598,0.448143406,0.204865557,d,c,1970,1,2
372,8786.206675,759.2991014,11.45482531,0.449293967,0.200256739,d,c,4880,1,2
373,4530.503218,316.5444015,14.21704928,0.447876448,0.178893179,d,c,11120,1,2
374,7009.673469,829.7359694,8.427195582,0.450255102,0.202806122,a,a,1150,1,1
375,9164.384615,758.975641,11.85500463,0.45,0.203846154,a,c,15710,1,2
376,8460.120155,949.9612403,8.795346788,0.450904393,0.205426357,a,a,160,1,1
377,7818.526786,969.4145408,7.977143573,0.450255102,0.18494898,a,c,100,1,1
378,6324.801027,970.156611,6.465398267,0.449293967,0.200256739,a,c,2140,1,1
379,3902.220663,467.5395408,8.261994446,0.450255102,0.221938776,d,a,6630,1,1
380,14456.58023,1380.455712,10.38101233,0.449293967,0.200256739,a,a,2240,1,3
381,9001.555128,965.1910256,9.312322714,0.45,0.203846154,a,a,1800,1,1
382,7985.847436,651.2410256,12.06572762,0.45,0.203846154,c,c,26130,1,2
383,17294.71667,2205.447436,7.810876213,0.447435897,0.205128205,a,c,350,1,3
384,8871.575448,998.8554987,8.760003029,0.45140665,0.195652174,a,c,130,1,1
385,7348.519293,654.5530547,11.07742976,0.440514469,0.175241158,d,a,4580,1,2
386,8029.54172,645.3966624,12.2403286,0.449293967,0.200256739,d,c,1460,1,2
387,9374.828758,1197.364706,7.708013249,0.448366013,0.192156863,c,a,210,1,1
388,10257.92041,1096.445443,9.269990199,0.449293967,0.200256739,a,a,2260,1,1
389,10337.40179,1265.410714,8.103392788,0.450255102,0.201530612,a,c,6690,1,3
390,11568.65641,1067.389744,10.73509591,0.452564103,0.203846154,a,c,1600,1,1
391,5727.013038,691.4263364,8.186705865,0.449804433,0.190352021,a,a,460,1,1
392,7279.428755,718.0821566,9.995641915,0.449293967,0.200256739,a,a,2120,1,1
393,5903.066752,587.2567394,9.957435812,0.449293967,0.200256739,d,c,4820,1,2
394,8353.245839,661.871959,12.5193357,0.448143406,0.204865557,d,a,10850,1,2
395,3989.134788,519.6546855,7.623101883,0.449293967,0.200256739,a,a,3620,1,1
396,10222.09231,1077.908974,9.444864061,0.45,0.203846154,a,c,23130,1,1
397,5574.883184,750.2156611,7.314520265,0.449293967,0.200256739,a,c,130,1,1
398,5496.522959,614.6160714,8.829571667,0.450255102,0.18494898,c,c,1540,1,2
399,5558.848875,564.9823151,9.754580502,0.440514469,0.175241158,a,a,5360,1,1
400,8745.71867,1200.649616,7.146458073,0.45140665,0.195652174,a,a,70,1,1
401,7026.532051,646.8448718,10.82232887,0.451282051,0.2,a,c,9200,1,1
402,5857.991026,615.4269231,9.438989527,0.45,0.203846154,c,c,5830,1,2
403,7468.523748,736.6867779,10.07486782,0.449293967,0.200256739,a,a,4970,1,1
404,4785.223979,571.3109354,8.340193339,0.445322793,0.183135705,a,c,1420,1,1
405,4520.699615,487.703466,9.045639083,0.449293967,0.200256739,a,a,1080,1,1
406,6111.05905,474.0641849,12.73738866,0.449293967,0.175866496,d,c,8240,1,2
407,3886.744373,314.6543408,12.26611933,0.440514469,0.175241158,a,a,5890,1,1
408,4727.774775,465.0617761,10.07237315,0.447876448,0.178893179,c,a,1560,1,2
409,5527.358515,543.6760563,10.08237224,0.448143406,0.204865557,d,c,840,1,2
410,6443.878049,802.2079589,7.891757068,0.449293967,0.200256739,c,a,40,1,1
411,9133.364917,700.8476312,12.89526647,0.448143406,0.204865557,d,c,8460,1,2
412,9102.122186,644.7154341,14.06613142,0.440514469,0.175241158,d,c,4460,1,2
413,7058.217042,890.0192926,7.893613079,0.440514469,0.175241158,a,c,760,1,1
414,6427.976953,484.1408451,13.22439389,0.448143406,0.204865557,d,c,6210,1,2
415,6234.834615,521.2807692,11.87673488,0.45,0.175641026,d,c,6910,1,2
416,11012.00638,1398.389031,7.813338121,0.450255102,0.201530612,a,c,4650,1,3
417,7633.28113,804.0025674,9.390334976,0.449293967,0.200256739,a,c,840,1,1
418,5275.851804,551.5528351,9.434496604,0.448453608,0.201030928,a,a,1060,1,1
419,5311.158163,852.0612245,6.165344903,0.450255102,0.202806122,c,a,1620,1,1
420,4540.340836,403.1897106,11.16447906,0.440514469,0.175241158,d,c,250,1,2
421,9588.251276,1014.390306,9.361899384,0.450255102,0.18494898,c,c,3530,1,2
422,4559.059949,464.5229592,9.766520978,0.450255102,0.18494898,a,c,2880,1,1
423,10828.4034,1886.130573,5.744311726,0.382165605,0.183651805,b,a,1270,1,3
424,6925.756098,773.4210526,8.870899552,0.449293967,0.200256739,d,c,1250,1,2
425,3237.659794,434.3814433,7.385286759,0.448453608,0.201030928,d,c,1460,1,2
426,5068.396662,633.8395379,7.881053835,0.449293967,0.200256739,a,a,250,1,1
427,7643.243981,771.0930979,9.734911172,0.44141252,0.176565008,a,c,70,1,1
428,6287.504823,526.5755627,11.8772547,0.440514469,0.175241158,d,a,2960,1,2
429,5321.144695,429.426045,12.28468872,0.440514469,0.175241158,d,c,16350,1,2
430,8632.471061,699.9131833,12.26589684,0.440514469,0.175241158,d,c,12870,1,2
431,9524.926829,1002.454429,9.438294902,0.449293967,0.200256739,d,c,4520,1,2
432,10982.87117,1554.728316,7.049342229,0.450255102,0.201530612,a,a,810,1,3
433,5360.865429,615.7331787,8.542808506,0.409512761,0.171693735,a,c,30030,1,2
434,9904.823151,741.659164,13.30680627,0.440514469,0.175241158,a,a,13020,1,2
435,3277.691913,384.1630295,8.490580651,0.449293967,0.200256739,a,a,910,1,1
436,5509.484615,616.7410256,8.834633756,0.451282051,0.2,d,a,2300,1,1
437,7366.717949,726.9448718,10.12427118,0.451282051,0.2,c,c,430,1,2
438,5153.723077,524.3269231,9.628015559,0.451282051,0.2,d,c,1110,1,2
439,7294.942602,885.1364796,8.134454409,0.450255102,0.202806122,a,a,1350,1,1
440,5156.078507,588.962677,8.673896631,0.447876448,0.178893179,d,a,3900,1,2
441,6328.351733,699.6534018,8.959235604,0.449293967,0.200256739,d,a,2530,1,1
442,4379.133848,461.3359073,9.347213453,0.447876448,0.178893179,c,a,500,1,1
443,5251.096154,488.8551282,10.6044017,0.451282051,0.2,d,a,11400,1,2
444,12188.70656,1423.120978,8.558763466,0.449163449,0.200772201,c,a,1700,1,3
445,8600.150773,1356.865979,6.375164537,0.448453608,0.201030928,a,a,240,1,3
446,4932.165597,635.0564827,7.704814389,0.449293967,0.200256739,a,a,340,1,1
447,5307.622449,619.3915816,8.528819405,0.450255102,0.18494898,a,c,1510,1,1
448,8484.065469,741.9216945,11.37049689,0.449293967,0.200256739,a,c,3970,1,1
449,11253.74648,1534.930858,7.258361228,0.448143406,0.204865557,a,c,120,1,3
450,8790.513514,1089.900901,8.068185473,0.447876448,0.178893179,c,a,5780,1,1
451,5439.323944,458.6632522,11.77814276,0.448143406,0.204865557,a,a,2460,1,1
452,5149.841837,478.3252551,10.63001196,0.450255102,0.18494898,a,c,1850,1,1
453,7775.446449,914.5749718,8.502596147,0.399098083,0.166854566,a,c,75860,1,2
454,5794.123077,706.5833333,8.142686732,0.45,0.203846154,a,a,26450,1,1
455,7371.391248,463.2342342,15.75862573,0.447876448,0.178893179,d,c,7660,1,2
456,6190.560976,895.3196406,6.836953791,0.449293967,0.200256739,a,c,140,1,1
457,4840.553055,432.6897106,11.07665048,0.440514469,0.175241158,d,c,13140,1,2
458,7582.117798,702.6722151,10.71554674,0.448143406,0.204865557,c,a,3390,1,1
459,9176.75,1130.201531,8.00713499,0.450255102,0.18494898,a,a,250,1,1
460,3736.008974,345.2807692,10.62634773,0.45,0.203846154,a,a,34050,1,1
461,4838.66538,476.5289575,10.05608344,0.447876448,0.178893179,d,c,1790,1,2
462,4832.588462,606.2153846,7.885875311,0.45,0.203846154,a,a,44320,1,1
463,6094.671374,969.4274711,6.254653598,0.449293967,0.200256739,a,a,4160,1,1
464,10642.68367,1305.593112,8.140413272,0.450255102,0.202806122,c,a,520,1,3
465,7762.806658,604.68758,12.69180029,0.448143406,0.204865557,d,c,10890,1,2
466,7712.365854,755.7637997,10.0997594,0.449293967,0.200256739,a,c,3110,1,1
467,13480.14763,1613.650834,8.308467503,0.449293967,0.200256739,a,c,20390,1,3
468,6669.660714,754.5841837,8.781092174,0.450255102,0.18494898,c,c,5260,1,2
469,11901.45663,1520.630102,7.749472409,0.450255102,0.202806122,c,c,710,1,3
470,13111.74227,1774.970361,7.334888735,0.448453608,0.201030928,a,c,50,1,3
471,7109.752412,590.2041801,11.9717685,0.440514469,0.175241158,d,a,5300,1,2
472,5204.651786,692.9515306,7.455828758,0.450255102,0.201530612,c,c,5030,1,1
473,3552.301669,486.5186136,7.209353585,0.449293967,0.200256739,a,a,50,1,1
474,7526.818414,736.8069054,10.09071132,0.45140665,0.195652174,c,a,14810,1,2
475,6473.814433,981.9342784,6.535095563,0.448453608,0.201030928,a,a,140,1,1
476,5851.603846,649.7987179,8.891745755,0.451282051,0.2,d,a,8300,1,1
477,6213.688103,449.8874598,13.69593146,0.440514469,0.175241158,d,a,770,1,2
478,6806.94898,699.3928571,9.614660161,0.450255102,0.202806122,d,c,1940,1,2
479,11230.8798,1328.828645,8.364975698,0.448849105,0.204603581,a,a,320,1,3
480,4935.890306,623.4604592,7.827760725,0.450255102,0.202806122,a,a,300,1,1
481,5155.379001,476.7144686,10.64766632,0.448143406,0.204865557,c,c,7470,1,2
482,8334.617647,920.9066496,8.972593499,0.448849105,0.204603581,c,a,2550,1,1
483,4948.424359,650.0179487,7.504994746,0.45,0.203846154,a,c,2310,1,1
484,7717.669643,739.8635204,10.37179971,0.450255102,0.18494898,a,c,14300,1,1
485,4871.011254,420.9871383,11.50172818,0.440514469,0.175241158,d,c,3270,1,2
486,4266.743261,520.0231065,8.084396636,0.449293967,0.200256739,a,a,2320,1,1
487,6999.299745,676.7742347,10.24656845,0.450255102,0.18494898,d,c,2180,1,2
488,3686.318878,388.0012755,9.414227779,0.450255102,0.18494898,a,c,2890,1,1
489,7306.367949,649.6294872,10.96464843,0.45,0.203846154,a,a,14960,1,1
490,8249.728296,1063.720257,7.725302776,0.440514469,0.175241158,a,a,660,1,1
491,6746.462033,527.2921493,12.65161152,0.447876448,0.178893179,d,c,4680,1,2
492,7859.125407,1156.247557,6.725946402,0.444625407,0.179153094,a,a,1740,1,1
493,8295.668806,808.2618742,10.14049028,0.449293967,0.200256739,d,c,1150,1,2
494,7649.296178,1079.606157,7.032070311,0.382165605,0.183651805,b,a,1260,1,3
495,5154.718147,394.9034749,12.84974207,0.447876448,0.178893179,d,a,5470,1,2
496,7728.90051,830.252551,9.208377601,0.450255102,0.202806122,d,c,2780,1,2
497,9062.122919,1116.357234,8.070402559,0.448143406,0.204865557,a,c,1610,1,1
498,6996.533762,884.5675241,7.890685876,0.440514469,0.175241158,a,a,990,1,1
499,5155.988417,737.6782497,6.929005683,0.447876448,0.178893179,c,c,450,1,1
500,5354.036977,395.5562701,13.47863898,0.440514469,0.175241158,d,c,10690,1,2
501,5378.180064,587.8102894,9.076614864,0.440514469,0.175241158,a,c,1620,1,1
502,10823.52455,1519.653747,7.056821757,0.452196382,0.206718346,a,a,220,1,3
503,6698.198718,470.5910256,14.04594534,0.45,0.203846154,d,c,13080,1,2
504,6673.158163,953.4056122,6.941089358,0.450255102,0.221938776,c,c,820,1,1
505,4776.280566,594.6113256,7.946545045,0.447876448,0.178893179,a,a,350,1,1
506,7581.344031,841.7021823,8.894762922,0.449293967,0.200256739,a,a,1850,1,1
507,8455.770218,663.7779204,12.61218148,0.449293967,0.200256739,a,c,9070,1,2
508,6767.699742,662.5128866,10.07514914,0.448453608,0.201030928,a,c,1280,1,1
509,6125.06274,518.31242,11.65191177,0.448143406,0.204865557,a,a,4740,1,1
510,8196.739409,842.2002567,9.681945298,0.449293967,0.200256739,a,c,8260,1,1
511,5662.320153,810.5982143,6.965514188,0.450255102,0.221938776,a,a,2060,1,1
512,5510.978523,1287.971812,4.273134845,0.377181208,0.165100671,b,b,590,1,3
513,18179.08929,2096.335459,8.63221174,0.450255102,0.202806122,a,a,400,1,3
514,5756.009646,603.9662379,9.41863763,0.440514469,0.175241158,c,c,1200,1,2
515,9058.15276,738.3080873,12.20082916,0.449293967,0.200256739,d,c,11260,1,2
516,5879.084724,760.5481386,7.604629737,0.449293967,0.200256739,a,c,20,1,1
517,5962.438735,650.9222661,9.026921587,0.449275362,0.202898551,a,c,22490,1,1
518,5865.123596,504.3097913,11.46702241,0.44141252,0.176565008,d,c,3330,1,2
519,5306.320153,559.0765306,9.386178894,0.450255102,0.18494898,c,c,2510,1,2
520,3869.732143,413.057398,9.297147996,0.450255102,0.18494898,a,c,6900,1,1
521,5181.014121,426.4929397,12.05154312,0.449293967,0.175866496,d,a,18610,1,2
522,8222.889246,633.0224719,12.90474702,0.44141252,0.176565008,d,c,7160,1,2
523,15530.60587,1782.91199,8.662299528,0.450255102,0.202806122,c,c,50,1,3
524,7710.819523,818.5017026,9.307166446,0.401816118,0.167990919,a,c,40860,1,2
525,10233.02682,875.5670498,11.64167266,0.45083014,0.203065134,d,c,1870,1,2
526,10630.23146,1456.700767,7.184329269,0.45140665,0.195652174,a,a,120,1,3
527,10734.69398,1000.490397,10.67061607,0.449423816,0.199743918,d,c,5830,1,2
528,10704.44416,955.449294,11.05690467,0.449293967,0.200256739,a,c,20620,1,2
529,7823.783163,761.192602,10.17996981,0.450255102,0.18494898,d,c,12920,1,2
530,4634.3234,750.8057395,6.388196987,0.390728477,0.168874172,a,c,18160,1,3
531,4901.934949,600.6071429,8.129781601,0.450255102,0.201530612,a,c,4030,1,1
532,10894.86521,1278.907574,8.486196115,0.449293967,0.200256739,a,c,1070,1,3
533,9659.648649,902.2316602,10.62152408,0.447876448,0.178893179,a,c,5950,1,1
534,7519.556982,568.6966292,13.03483623,0.44141252,0.176565008,d,a,1200,1,2
535,8115.771502,922.6136072,8.708892375,0.449293967,0.200256739,a,a,3570,1,1
536,8323.613607,883.0346598,9.349456912,0.449293967,0.200256739,a,c,4700,1,1
537,5580.178893,604.2329472,9.151749227,0.447876448,0.178893179,a,a,600,1,1
538,3859.024235,567.9247449,6.741668209,0.450255102,0.18494898,a,a,990,1,1
539,11310.96302,1142.279743,9.862934882,0.440514469,0.175241158,a,a,770,1,3
540,5648.990354,391.3118971,14.19674675,0.440514469,0.175241158,d,c,810,1,2
541,6720.81258,857.0834403,7.729048404,0.449293967,0.200256739,a,c,650,1,1
542,6246.641479,531.6398714,11.66719893,0.440514469,0.175241158,a,a,7280,1,1
543,2790.380282,240.1830986,11.22535883,0.448143406,0.204865557,c,a,1080,1,1
544,14094.49872,1845.071795,7.535016374,0.451282051,0.2,a,a,250,1,3
545,10635.25674,1026.817715,10.22941494,0.449293967,0.200256739,a,c,5020,1,1
546,13681.53444,1621.279337,8.416266564,0.450255102,0.202806122,a,a,580,1,3
547,5752.490354,442.2475884,12.94798473,0.440514469,0.175241158,d,c,8990,1,2
548,5073.023438,400.921875,12.44800883,0.447916667,0.19140625,d,c,3760,1,2
549,4642.716837,547.7130102,8.470460595,0.450255102,0.201530612,a,c,2330,1,1
550,5973.627401,496.6491677,11.95481488,0.448143406,0.204865557,d,c,50,1,2
551,6559.378827,987.7423469,6.571839372,0.450255102,0.18494898,a,c,2190,1,1
552,7721.866837,689.8962868,10.86606224,0.448143406,0.204865557,a,a,4260,1,1
553,7038.598456,638.7464607,10.99214563,0.447876448,0.178893179,c,a,3040,1,2
554,4481.014031,546.0153061,8.249830893,0.450255102,0.201530612,c,c,1200,1,1
555,5173.860353,479.0256822,10.70033199,0.439807384,0.174959872,d,a,1560,1,2
556,7178.753512,830.7241379,8.558617991,0.45083014,0.203065134,d,c,1140,1,2
557,4383.079692,676.0167095,6.399454678,0.449871465,0.200514139,a,a,250,1,1
558,3241.524235,453.0293367,7.106542002,0.450255102,0.201530612,a,a,3000,1,1
559,5882.961538,750.2782051,7.685307749,0.45,0.203846154,d,a,3910,1,1
560,13612.85944,1640.277108,8.229978902,0.452476573,0.203480589,c,c,1910,1,3
561,6913.826701,682.915276,10.03832776,0.449293967,0.200256739,d,a,14300,1,2
562,17969.55626,3105.053079,5.763595756,0.382165605,0.221868365,b,c,1210,1,3
563,5513.492268,702.6237113,7.809502992,0.448453608,0.201030928,a,a,700,1,1
564,5528.115533,488.6341463,11.24856677,0.449293967,0.200256739,d,c,6540,1,2
565,6636.417202,792.3170732,8.271206184,0.449293967,0.200256739,a,c,160,1,1
566,4904.639031,544.8431122,8.917382664,0.450255102,0.201530612,a,a,3620,1,1
567,5241.504493,671.4197689,7.689935211,0.449293967,0.200256739,c,a,1010,1,1
568,4877.496799,413.900128,11.70037748,0.448143406,0.204865557,d,c,4270,1,2
569,4519.556122,652.8520408,6.950163297,0.450255102,0.202806122,a,a,1340,1,1
570,4535.404365,661.7907574,6.734872856,0.449293967,0.200256739,a,a,180,1,1
571,7742.750804,575.6382637,13.36348312,0.440514469,0.175241158,d,a,2110,1,2
572,6888.75,571.5154639,11.92354185,0.448453608,0.201030928,d,c,9230,1,2
573,3974.773312,335.4051447,11.7179875,0.440514469,0.175241158,a,a,1190,1,1
574,8898.217503,666.5740026,13.22585258,0.447876448,0.178893179,d,a,4400,1,2
575,5367.566613,492.9566613,10.55570899,0.44141252,0.176565008,a,a,960,1,1
576,6982.517857,965.0701531,7.13169131,0.450255102,0.202806122,c,a,50,1,1
577,4953.417092,583.3762755,8.449747043,0.450255102,0.18494898,a,c,2270,1,1
578,8164.391787,773.6392897,10.49571152,0.392896781,0.164261931,d,a,12700,1,2
579,8294.347882,911.4017972,9.00259263,0.449293967,0.200256739,c,a,20970,1,1
580,10197.66199,1602.747449,6.337995485,0.450255102,0.18494898,a,c,170,1,3
581,5333.71887,587.6469833,8.874428412,0.449293967,0.175866496,a,a,7250,1,1
582,7023.08312,863.3184143,8.046213483,0.447570332,0.204603581,a,a,120,1,1
583,4311.907692,449.0807692,9.491581887,0.45,0.203846154,a,a,2640,1,1
584,4734.896287,433.4340589,10.82419397,0.448143406,0.204865557,d,a,1360,1,2
585,5675.156888,862.9987245,6.502484949,0.450255102,0.18494898,d,c,440,1,1
586,15131.96005,2361.414948,6.390796176,0.448453608,0.201030928,a,c,250,1,3
587,9663.285714,685.6886035,13.96843947,0.439807384,0.174959872,d,c,330,1,2
588,6154.610969,661.1466837,9.248351681,0.450255102,0.18494898,d,c,15720,1,2
589,4678.80291,494.521164,9.092073329,0.447089947,0.206349206,a,c,360,1,1
590,4984.169884,391.5997426,12.64593618,0.447876448,0.178893179,d,c,4520,1,2
591,5700.705277,498.7220077,11.40200088,0.447876448,0.178893179,a,c,3340,1,2
592,4448.510911,570.0102696,7.74007335,0.449293967,0.200256739,a,a,2540,1,1
593,9507.956633,1231.766582,7.67493617,0.450255102,0.18494898,a,c,33060,1,1
594,4155.866071,456.6760204,9.083528213,0.450255102,0.202806122,a,a,1790,1,1
595,15019.10969,1763.413265,8.442892983,0.450255102,0.202806122,c,c,1130,1,3
596,4505.818878,698.3864796,6.418072767,0.450255102,0.202806122,c,a,290,1,1
597,5080.224647,727.5250321,6.941225305,0.449293967,0.175866496,a,a,150,1,1
598,5892.292605,728.6012862,8.095115985,0.440514469,0.175241158,c,a,550,1,1
599,9769.727041,875.5637755,11.10093666,0.450255102,0.202806122,d,c,580,1,2
600,6996.617347,619.2538265,11.18930355,0.450255102,0.18494898,d,c,17340,1,2
601,4875.769526,394.290653,12.27614361,0.448143406,0.204865557,d,a,8220,1,2
602,6300.167734,614.1971831,10.17646734,0.448143406,0.204865557,a,a,2710,1,1
603,6933.314136,945.6348168,7.238515128,0.447643979,0.167539267,a,a,340,1,1
604,7963.988746,591.7636656,13.34997257,0.440514469,0.175241158,d,a,10950,1,2
605,7026.735219,508.714653,13.66120172,0.447300771,0.178663239,d,a,10310,1,2
606,5839.210459,620.8214286,9.35743473,0.450255102,0.202806122,a,a,2260,1,1
607,3901.910486,414.0754476,9.181476872,0.45140665,0.195652174,a,a,350,1,1
608,9326.971795,942.575641,9.772724472,0.45,0.203846154,a,c,18370,1,1
609,4638.048469,504.619898,9.178299757,0.450255102,0.202806122,a,a,2070,1,1
610,4197.630295,520.3992298,7.951688616,0.449293967,0.200256739,a,a,660,1,1
611,5792.303859,490.5241158,11.76881012,0.440514469,0.175241158,a,a,8080,1,1
612,6816.088283,424.1781701,15.91895984,0.44141252,0.176565008,d,c,2490,1,2
613,6728.372123,1000.850384,6.667282463,0.45140665,0.195652174,c,a,250,1,1
614,6590.615385,941.1858974,6.987759262,0.451282051,0.2,a,a,1160,1,1
615,9712.421255,1240.107554,7.759556441,0.448143406,0.204865557,d,a,730,1,3
616,8487.512195,830.4210526,10.12701758,0.449293967,0.200256739,a,c,3040,1,1
617,6359.165385,574.6948718,10.97129382,0.451282051,0.2,a,c,8940,1,1
618,6830.578745,505.5672215,13.40622286,0.448143406,0.204865557,d,c,9910,1,2
619,4303.602894,428.8826367,9.885322793,0.440514469,0.175241158,a,a,1600,1,1
620,7773.766881,709.3585209,10.89996322,0.440514469,0.175241158,d,c,5440,1,2
621,5916.224647,806.4967908,7.272009377,0.449293967,0.200256739,a,a,30,1,1
622,4317.961735,430,9.958830875,0.450255102,0.18494898,a,c,83446,0,4
623,7146.077023,834.3825065,8.48936998,0.450391645,0.203655352,a,a,4080,1,1
624,7019.066752,682.8831836,10.1745518,0.449293967,0.200256739,a,c,6920,1,1
625,6300.195122,616.8536585,10.09588343,0.449293967,0.200256739,a,a,1170,1,1
626,9382.529487,829.624359,11.1689824,0.451282051,0.2,c,c,10740,1,2
627,5991.252241,615.6171575,9.62503532,0.448143406,0.204865557,c,c,3970,1,2
628,6231.082908,762.9387755,8.044347446,0.450255102,0.221938776,a,c,2180,1,1
629,7652.73955,678.6382637,11.21214742,0.440514469,0.175241158,d,a,510,1,2
630,6935.852375,793.57638,8.638915185,0.449293967,0.196405648,a,a,1690,1,1
631,5400.307398,638.4413265,8.384017147,0.450255102,0.18494898,d,c,2870,1,2
632,7028.774235,903.6135204,7.726806649,0.450255102,0.201530612,a,a,3350,1,1
633,7207.217042,549.7797428,13.08376112,0.440514469,0.175241158,d,a,11640,1,2
634,6713.289744,651.2025641,10.11405084,0.451282051,0.2,d,a,18610,1,2
635,5909.244872,596.7166667,9.727438285,0.45,0.203846154,a,a,27530,1,1
636,5927.699839,714.8218299,8.045728377,0.44141252,0.176565008,c,a,720,1,1
637,8707.263666,693.0643087,12.47727078,0.440514469,0.175241158,d,c,9790,1,2
638,6009.605178,507.7135922,11.78901613,0.438511327,0.176375405,d,a,10170,1,2
639,4734.697047,485.9833119,9.620627297,0.449293967,0.200256739,a,a,7780,1,1
640,11533.97818,879.508344,12.99987526,0.449293967,0.200256739,d,c,8040,1,2
641,5764.29525,538.0641849,10.57851591,0.449293967,0.200256739,a,c,610,1,1
642,3652.709884,479.8818999,7.558953116,0.449293967,0.200256739,c,c,530,1,1
643,7994.431122,1020.243622,7.752581344,0.450255102,0.18494898,a,a,230,1,1
644,9353.057432,1029.513514,8.979679037,0.444256757,0.172297297,c,a,4030,1,1
645,10730.2574,1327.292149,7.998905089,0.447876448,0.178893179,a,a,90,1,3
646,5025.926045,706.4083601,7.080009436,0.440514469,0.175241158,a,a,620,1,1
647,5774.575255,677.4910714,8.419823465,0.450255102,0.18494898,a,c,7420,1,1
648,6573.996173,609.8214286,10.70676044,0.450255102,0.202806122,d,a,2130,1,2
649,3683.792308,386.6782051,9.346002771,0.45,0.203846154,a,a,14570,1,1
650,6391.008039,663.8247588,9.587099951,0.440514469,0.175241158,a,a,1420,1,1
651,7615.865212,948.4197689,7.980778377,0.449293967,0.200256739,a,a,200,1,1
652,6637.632992,681.0153453,9.549916326,0.45140665,0.195652174,a,a,20390,1,1
653,5915.504493,500.1797176,11.73131362,0.449293967,0.200256739,d,c,7520,1,2
654,6475.152564,684.1833333,9.34363828,0.451282051,0.2,c,a,6930,1,1
655,8031.711168,687.4467266,11.49758719,0.449293967,0.200256739,d,c,960,1,2
656,3245.192061,379.1664533,8.503325376,0.448143406,0.204865557,d,a,410,1,1
657,6054.715206,766.1546392,7.755671183,0.448453608,0.201030928,c,c,80,1,1
658,6058.830552,598.6264442,9.985142879,0.449293967,0.200256739,d,c,520,1,2
659,5643.966709,685.0717029,8.162741707,0.448143406,0.204865557,d,a,1590,1,1
660,4616.599678,497.4694534,9.142780607,0.440514469,0.175241158,a,a,1200,1,1
661,7166.540365,589.8554688,12.07135529,0.447916667,0.208333333,d,c,2140,1,2
662,8439.524235,771.3456633,10.73578045,0.450255102,0.221938776,d,a,1070,1,2
663,4792.556878,653.7896825,7.218002461,0.451058201,0.177248677,a,c,7860,1,1
664,4946.35641,602.4089744,8.071355423,0.45,0.203846154,d,c,1680,1,2
665,8228.48771,1262.447607,6.433576302,0.45148771,0.20698577,a,a,90,1,1
666,7016.610039,654.8378378,10.57322682,0.447876448,0.178893179,c,c,2700,1,2
667,8786.501916,793.3307791,10.94564422,0.45083014,0.183908046,d,c,2870,1,2
668,8940.853316,1156.729592,7.657482661,0.450255102,0.202806122,c,a,1270,1,1
669,4514.234727,393.9212219,11.41019838,0.440514469,0.175241158,d,a,17080,1,2
670,6589.94847,700.5958132,9.317510409,0.441223833,0.173913043,a,a,2060,1,1
671,5935.5,593.8569132,9.923775308,0.440514469,0.175241158,a,c,2070,1,1
672,8837.105128,1389.214103,6.332927194,0.451282051,0.2,c,a,240,1,3
673,7126.018018,582.7335907,12.0837883,0.447876448,0.178893179,d,c,15170,1,2
674,8204.347651,1015.483221,7.988405451,0.44966443,0.209395973,a,a,2640,1,1
675,4278.189501,448.3713188,9.45037583,0.450704225,0.199743918,a,a,2100,1,1
676,7687.464052,1687.593682,4.495316464,0.377995643,0.205882353,b,b,1410,1,3
677,7938.982315,637.6736334,12.34146132,0.440514469,0.175241158,d,a,1740,1,2
678,7299.937099,825.3196406,8.744373527,0.449293967,0.200256739,c,a,3250,1,1
679,9943.924745,1061.418367,9.315130983,0.450255102,0.202806122,a,a,4140,1,1
680,5205.306122,791.0191327,6.528777311,0.450255102,0.18494898,c,a,170,1,1
681,3566.156658,489.578329,7.205168239,0.447780679,0.178851175,a,c,620,1,1
682,11207.4087,1758.842887,6.275581751,0.382165605,0.183651805,b,a,150,1,3
683,9147.085459,878.3022959,10.31890069,0.450255102,0.202806122,a,a,2850,1,1
684,7721.366559,619.2106109,12.33760274,0.440514469,0.175241158,d,c,680,1,2
685,6630.550706,612.4531451,10.61389671,0.449293967,0.200256739,a,a,650,1,1
686,6250.410256,753.7179487,8.172620175,0.451282051,0.2,a,a,20050,1,1
687,8372.464698,734.3838254,11.31086934,0.449293967,0.200256739,d,c,2770,1,2
688,3615.833333,364.1474359,9.753737463,0.45,0.203846154,a,a,18760,1,1
689,7046.112676,713.4519846,9.756665047,0.448143406,0.204865557,d,a,15040,1,2
690,5589.987163,792.1514763,6.99949679,0.449293967,0.200256739,a,a,100,1,1
691,8371.011553,621.3106547,13.35748884,0.449293967,0.200256739,d,c,3030,1,2
692,6588.417202,797.0654685,8.144725908,0.449293967,0.200256739,a,a,40,1,1
693,6607.93854,494.5339309,12.95617463,0.448143406,0.204865557,d,a,450,1,2
694,8047.522508,776.318328,10.3011278,0.440514469,0.175241158,a,c,460,1,1
695,5393.123235,513.8793325,10.27113696,0.449293967,0.200256739,a,a,550,1,1
696,7850.139031,995.5892857,7.813865342,0.450255102,0.201530612,a,c,430,1,1
697,10656.1733,1004.641849,10.49630626,0.449293967,0.200256739,d,a,3780,1,2
698,15564.1199,1936.612245,8.001756906,0.450255102,0.202806122,a,a,1790,1,3
699,8331.005229,979.4928105,8.434252879,0.445751634,0.209150327,a,a,180,1,1
700,4362.244709,527.8333333,8.111570697,0.445767196,0.211640212,a,c,830,1,1
701,5778.974277,629.64791,9.021971867,0.440514469,0.175241158,d,a,1450,1,2
702,4373.971061,347.2186495,12.4641413,0.440514469,0.175241158,a,a,8550,1,1
703,3290.534018,352.5571245,9.230047768,0.449293967,0.200256739,a,a,80,1,1
704,10393.8659,1077.547893,9.617911093,0.449553001,0.201787995,d,c,1910,1,2
705,7967.267009,959.3324775,8.186908431,0.449293967,0.200256739,a,a,4140,1,1
706,5743.265273,524.4324759,10.88850853,0.440514469,0.175241158,d,a,7830,1,2
707,8319.731707,913.9537869,9.06880147,0.449293967,0.200256739,a,c,2900,1,1
708,4578.644833,473.6419214,9.324887805,0.451237263,0.183406114,c,c,11470,1,2
709,9886.915816,1297.737245,7.627256764,0.450255102,0.202806122,a,a,500,1,3
710,4546.652733,373.1864952,12.02603134,0.440514469,0.175241158,d,a,1500,1,2
711,6914.391653,511.3194222,13.35808015,0.44141252,0.176565008,d,a,17110,1,2
712,6421.442122,574.6768489,11.06825814,0.440514469,0.175241158,a,a,4870,1,1
713,10718.0552,1313.766367,8.0815927,0.449293967,0.200256739,a,c,220,1,3
714,4553.947233,331.1222651,13.61010696,0.447876448,0.178893179,d,c,12070,1,2
715,6491.095361,675.4033505,9.51188234,0.448453608,0.204896907,a,a,14810,1,1
716,5717.081994,454.3086817,12.50097199,0.440514469,0.175241158,d,a,3200,1,2
717,5552.894737,559.4210526,9.724107154,0.449293967,0.200256739,d,c,310,1,2
718,7911.3137,855.2394366,9.19386843,0.448143406,0.204865557,a,a,1100,1,1
719,5383.604502,456.7524116,11.74906514,0.440514469,0.175241158,c,c,8190,1,2
720,7166.128827,717.4795918,9.891127451,0.450255102,0.18494898,a,c,15320,1,1
721,7673.413265,756.2040816,10.09857465,0.450255102,0.18494898,a,c,3590,1,1
722,9836.646684,1583.066327,6.174909344,0.450255102,0.221938776,a,a,50,1,3
723,7032.103713,566.8386684,12.28478587,0.448143406,0.204865557,d,c,5650,1,2
724,6812.905006,699.1065469,9.696296937,0.449293967,0.200256739,d,c,5900,1,2
725,5747.424745,595.3571429,9.589871359,0.450255102,0.18494898,d,c,17540,1,2
726,11048.67308,1064.533333,10.2342581,0.451282051,0.2,a,c,40540,1,2
727,4529.290653,452.8335467,9.900547139,0.448143406,0.204865557,a,a,2050,1,1
728,5245.707851,458.0604891,11.38492629,0.447876448,0.178893179,d,a,13990,1,2
729,10548.91399,1082.335045,9.639650312,0.449293967,0.200256739,c,c,8980,1,2
730,8055.372449,984.2755102,8.129033619,0.450255102,0.202806122,c,a,1190,1,1
731,9249.229381,950.9175258,9.600592586,0.448453608,0.201030928,a,a,15270,1,1
732,5816.439411,661.4597961,8.731082643,0.400906002,0.167610419,a,c,35280,1,2
733,14933.28875,3403.458599,4.392112508,0.382165605,0.180467091,b,b,860,1,3
734,5980.523748,566.0513479,10.45980804,0.449293967,0.200256739,a,a,220,1,1
735,5518.541026,544.3371795,9.889111467,0.45,0.203846154,d,c,1920,1,2
736,5244.075563,509.2829582,10.19188943,0.440514469,0.175241158,c,c,1650,1,2
737,6117.901155,898.4120668,6.701562239,0.449293967,0.200256739,a,a,100,1,1
738,8508.60077,701.7150193,12.04214967,0.449293967,0.200256739,d,c,5980,1,2
739,9557.665595,765.3038585,12.34161859,0.440514469,0.175241158,d,c,2770,1,2
740,6978.176697,509.1510883,13.57761062,0.448143406,0.204865557,d,a,6400,1,2
741,7619.468112,920.2308673,8.19604451,0.450255102,0.221938776,d,c,11900,1,2
742,8025.888318,872.7766367,9.097283846,0.449293967,0.200256739,d,c,4380,1,2
743,3816.589744,418.3282051,8.946892995,0.451282051,0.2,a,a,6710,1,1
744,7457.067769,834.8115702,8.889165812,0.438016529,0.158677686,a,a,1370,1,1
745,7499.078205,709.6294872,10.40395775,0.451282051,0.2,a,a,17650,1,1
746,6039.549296,509.049936,11.67613831,0.448143406,0.204865557,d,c,4330,1,2
747,8027.146154,701.3474359,11.30390153,0.45,0.203846154,c,c,45740,1,2
748,5737.676508,487.6572529,11.62832918,0.449293967,0.200256739,d,a,2380,1,2
749,5189.860077,636.4313222,8.020956642,0.449293967,0.175866496,a,a,3410,1,1
750,4997.35209,402.8022508,12.30081383,0.440514469,0.175241158,d,a,8670,1,2
751,4216.215661,573.7432606,7.289702056,0.449293967,0.200256739,a,a,650,1,1
752,5251.65982,459.3992298,11.22773141,0.449293967,0.200256739,a,a,970,1,1
753,8710.279846,764.3157895,11.25950011,0.449293967,0.200256739,d,c,540,1,2
754,8086.957801,965.5588235,8.261115991,0.45140665,0.195652174,c,c,380,1,1
755,10483.21639,895.4199744,11.61577245,0.450704225,0.195902689,d,c,13130,1,2
756,16574.81643,2346.572529,7.038392254,0.449293967,0.200256739,a,c,50,1,3
757,6219.787645,535.8558559,11.49421456,0.447876448,0.178893179,a,c,3450,1,2
758,4868.366925,636.8152455,7.615151281,0.447028424,0.179586563,a,c,19780,1,1
759,7010.137356,774.4480103,8.897557124,0.449293967,0.200256739,a,a,110,1,1
760,7638.364221,1227.245817,6.224878074,0.449163449,0.204633205,a,a,560,1,1
761,8729.478316,994.9464286,8.703940466,0.450255102,0.202806122,a,a,2390,1,1
762,3891.990814,390.1469816,9.834441798,0.450131234,0.17847769,d,c,1280,1,2
763,6125.251276,586.2755102,10.37078067,0.450255102,0.18494898,d,c,32240,1,2
764,3538.988266,396.2685789,8.837542869,0.448500652,0.168187744,a,c,26490,1,1
765,8506.867439,710.7142857,11.91092733,0.447876448,0.178893179,a,c,25430,1,2
766,6123.94373,529.7025723,11.47244603,0.440514469,0.175241158,d,c,9820,1,2
767,6023.403061,615.2971939,9.708971975,0.450255102,0.18494898,a,c,13080,1,1
768,12991.83801,1345.442602,9.534819609,0.450255102,0.18494898,a,c,2630,1,3
769,10825.90234,3081.052017,3.527028678,0.382165605,0.180467091,b,b,840,1,3
770,6477.78819,733.2605905,8.746454732,0.449293967,0.200256739,a,c,100,1,1
771,6722.011254,689.022508,9.710746935,0.440514469,0.175241158,a,a,20640,1,1
772,3582.199234,488.1353768,7.282988489,0.449553001,0.201787995,d,c,1850,1,2
773,5716.108835,791.8553137,7.198987278,0.448143406,0.204865557,a,a,200,1,1
774,5493.743622,713.4158163,7.665829972,0.450255102,0.18494898,a,c,640,1,1
775,8690.889068,621.0948553,13.91894912,0.440514469,0.175241158,d,c,6970,1,2
776,4804.806701,534.568299,8.892291843,0.448453608,0.201030928,c,a,700,1,1
777,3991.350449,350.5109114,11.25991484,0.44801027,0.17843389,d,c,8250,1,2
778,5901.257235,800.4919614,7.306853983,0.440514469,0.175241158,a,a,340,1,1
779,7128.521795,700.0833333,10.04134142,0.451282051,0.2,a,a,16990,1,1
780,6547.188462,788.9948718,8.213299235,0.451282051,0.2,a,a,18160,1,1
781,4922.442308,672.9589744,7.173830207,0.45,0.203846154,a,a,630,1,1
782,5488.799743,513.2130937,10.60589394,0.449293967,0.175866496,c,c,5390,1,2
783,6860.185422,678.6675192,10.02604714,0.45140665,0.195652174,d,c,15490,1,2
784,7751.309371,825.1668806,9.271404366,0.449293967,0.200256739,a,a,560,1,1
785,6511.518614,561.3915276,11.42107477,0.449293967,0.200256739,d,c,970,1,2
786,3563.674359,553.0205128,6.350570367,0.45,0.203846154,a,a,290,1,1
787,10227.14744,1141.967949,8.876366816,0.451282051,0.2,c,c,3210,1,2
788,17961.91454,1717.901786,10.43559212,0.450255102,0.202806122,a,c,1530,1,3
789,3380.011583,469.2097812,7.218326236,0.447876448,0.178893179,a,c,9770,1,1
790,7453.021767,682.3597951,10.85051359,0.448143406,0.204865557,d,c,9070,1,2
791,7668.776637,810.3992298,9.345280249,0.449293967,0.200256739,a,a,5950,1,1
792,7389.373556,691.7265725,10.4697592,0.449293967,0.200256739,d,a,17280,1,2
793,4832.121951,457.8587933,10.31919343,0.449293967,0.200256739,d,a,2710,1,2
794,3083.812821,521.8294872,5.890279358,0.451282051,0.2,c,c,5090,1,1
795,4553.673941,467.2991014,9.557824152,0.449293967,0.200256739,d,a,510,1,2
796,7244.772786,667.7971759,10.7394659,0.449293967,0.200256739,a,c,7180,1,1
797,4208.231511,414.4951768,10.03854808,0.440514469,0.175241158,a,a,2090,1,1
798,7468.274359,900.5910256,8.2450186,0.451282051,0.2,a,a,9560,1,1
799,9894.987163,898.6315789,10.94352036,0.449293967,0.200256739,a,c,2700,1,1
800,5337.432606,499.3145058,10.59458473,0.449293967,0.175866496,d,a,2020,1,2
801,4845.229592,474.3813776,10.08080417,0.450255102,0.18494898,d,a,48330,1,2
802,6841.075255,522.9910714,12.94727985,0.450255102,0.18494898,a,c,910,1,2
803,6047.678804,492.0949285,12.11688909,0.44863459,0.192457737,d,a,1760,1,2
804,4922.186495,440.3987138,11.10934629,0.440514469,0.175241158,c,c,2100,1,2
805,6084.228296,572.4292605,10.51420071,0.440514469,0.175241158,d,a,24770,1,2
806,6808.287781,525.3231511,12.77034288,0.440514469,0.175241158,d,a,260,1,2
807,9820.042254,982.1152369,9.9474674,0.448143406,0.204865557,a,a,3870,1,1
808,7291.133333,601.3910256,12.02156677,0.451282051,0.2,a,a,18620,1,1
809,9393.614891,802.2130937,11.49102134,0.449293967,0.200256739,a,a,12770,1,1
810,5930.421053,488.8408216,12.0499561,0.449293967,0.175866496,d,c,9640,1,2
811,4132.038265,682.7704082,6.020235759,0.450255102,0.18494898,a,a,410,1,1
812,6366.778205,776.4487179,8.110633229,0.451282051,0.2,d,a,2590,1,1
813,5810.714286,650.2406692,8.894195016,0.447876448,0.178893179,a,a,1560,1,1
814,8476.763427,695.2659847,12.01209485,0.45140665,0.195652174,d,c,24530,1,2
815,8395.837621,815.437299,10.23267551,0.440514469,0.175241158,a,a,590,1,1
816,5133.077022,742.6264442,6.852742767,0.449293967,0.200256739,c,c,460,1,1
817,21757.48342,3130.57398,6.935960307,0.450255102,0.202806122,a,a,140,1,3
818,6110.572343,635.2637644,9.454901428,0.448143406,0.204865557,d,a,490,1,1
819,6091.100765,539.9540816,11.23509491,0.450255102,0.18494898,a,c,720,1,1
820,12085.85048,1089.59164,11.04569511,0.440514469,0.175241158,a,c,1650,1,3
821,6937.491071,851.1428571,8.058246037,0.450255102,0.202806122,a,a,1700,1,1
822,7737.664541,636.684949,12.00310025,0.450255102,0.18494898,a,c,410,1,2
823,5802.383929,570.0012755,10.08518364,0.450255102,0.18494898,a,c,16210,1,1
824,6834.3125,862.8239796,7.875030738,0.450255102,0.18494898,a,a,17570,1,1
825,4562.921222,537.0546624,8.428174587,0.440514469,0.175241158,a,a,380,1,1
826,8839.186856,771.0863402,11.43565712,0.448453608,0.201030928,a,c,7980,1,1
827,12771.66539,1663.44189,7.687025434,0.45083014,0.201787995,a,c,250,1,3
828,5199.946154,587.0653846,8.734439987,0.45,0.203846154,d,c,3290,1,2
829,5920.669654,790.9206146,7.417694045,0.448143406,0.204865557,c,a,110,1,1
830,6174.879487,526.4589744,11.68120833,0.451282051,0.2,a,c,6320,1,1
831,12689.00257,1576.961489,7.941236568,0.449293967,0.200256739,a,a,800,1,3
832,6550.293214,554.4417414,11.72064623,0.448143406,0.204865557,d,a,5070,1,2
833,5511.350449,506.182285,10.74919607,0.449293967,0.175866496,d,c,3290,1,2
834,5868.542092,639.4362245,9.086437503,0.450255102,0.202806122,a,a,3470,1,1
835,5188.126467,659.2685789,7.759691104,0.449804433,0.203389831,a,a,2890,1,1
836,5906.002564,711.4615385,8.235178531,0.451282051,0.2,a,a,2720,1,1
837,3473.721704,460.1531292,7.403864999,0.447403462,0.213049268,a,c,14600,1,1
838,7987.272379,817.7314578,9.664512101,0.45140665,0.195652174,d,c,6890,1,2
839,5127.158163,647.0625,7.815403252,0.450255102,0.202806122,c,a,240,1,1
840,7319.020408,1055.835459,6.871728065,0.450255102,0.221938776,a,a,1070,1,1
841,2972.608974,412.1730769,7.133115194,0.451282051,0.2,a,a,27650,1,1
842,18574.79582,1149.242765,16.06402683,0.440514469,0.175241158,d,c,1200,1,2
843,9468.706633,1116.244898,8.422157515,0.450255102,0.202806122,c,a,60,1,1
844,4178.712452,454.2284981,9.049888718,0.449293967,0.200256739,a,a,2030,1,1
845,4828.561856,357.9072165,13.44412148,0.448453608,0.201030928,d,a,7860,1,2
846,9224.637997,864.6200257,10.5571852,0.449293967,0.200256739,a,c,8860,1,1
847,7111.761598,1010.753866,6.975964565,0.448453608,0.201030928,c,c,190,1,1
848,6630.602883,753.1743119,8.67023775,0.446920052,0.173001311,a,c,370,1,1
849,8155.218112,889.1390306,9.098249692,0.450255102,0.221938776,c,c,5000,1,1
850,6201.78886,653.0556995,9.372472189,0.453367876,0.202072539,d,a,1120,1,1
851,5453.463023,469.6961415,11.56630889,0.440514469,0.175241158,d,c,2330,1,2
852,4606.513444,583.9308579,7.82804218,0.448143406,0.204865557,c,a,940,1,1
853,9243.104247,1020.250965,8.994359527,0.447876448,0.178893179,a,a,14040,1,1
854,6577.14359,680.7346154,9.602421447,0.451282051,0.2,c,a,4770,1,1
855,5762.671815,614.3603604,9.246400333,0.447876448,0.178893179,a,a,3440,1,1
856,7142.380102,957.8864796,7.403288979,0.450255102,0.201530612,a,a,3020,1,1
857,7446.322663,922.9833547,8.012550463,0.448143406,0.204865557,c,a,6270,1,1
858,4755.604502,418.0996785,11.32591361,0.440514469,0.175241158,a,a,3370,1,1
859,7503.749196,726.2524116,10.28928693,0.440514469,0.175241158,c,a,21770,1,2
860,5781.33376,732.0485934,7.816438971,0.448849105,0.202046036,c,c,5980,1,1
861,3500.349476,509.552356,6.783942614,0.44895288,0.179319372,c,c,740,1,1
862,8565.133929,1118.145408,7.62455052,0.450255102,0.18494898,a,c,2840,1,1
863,7707.847802,918.7023675,8.28110285,0.399098083,0.166854566,a,c,21370,1,3
864,4268.436293,587.967825,7.222689137,0.447876448,0.178893179,a,a,1020,1,1
865,7566.584082,637.1604621,11.79487605,0.449293967,0.200256739,d,c,2640,1,2
866,6873.391805,486.0038412,14.000052,0.448143406,0.204865557,d,a,9680,1,2
867,4329.221591,410.0977273,10.42043447,0.402272727,0.168181818,d,c,21810,1,2
868,9578.299616,652.1075544,14.61615515,0.448143406,0.204865557,d,c,1360,1,2
869,5973.307692,870.0846154,6.726641097,0.451282051,0.2,c,a,230,1,1
870,6929.204663,868.5608808,7.96706036,0.450777202,0.193005181,a,a,780,1,1
871,6260.498079,479.6299616,12.95430361,0.448143406,0.204865557,d,c,10620,1,2
872,8536.406932,821.7252888,10.36899557,0.449293967,0.200256739,a,c,3860,1,1
873,3833.344872,456.2564103,8.370676057,0.451282051,0.2,a,a,2040,1,1
874,4583.692602,509.7678571,8.92521321,0.450255102,0.221938776,a,a,3210,1,1
875,5061.662388,470.2310655,10.60725058,0.449293967,0.175866496,d,a,5070,1,2
876,9228.909922,1016.979112,8.971384125,0.449086162,0.191906005,a,a,21790,1,1
877,6331.502481,873.4937965,7.185735288,0.437965261,0.179900744,a,c,29190,1,1
878,8720.084615,795.7294872,10.83574001,0.45,0.203846154,d,c,1100,1,2
879,3762.983923,347.3263666,10.70592998,0.440514469,0.175241158,d,a,83446,0,4
880,7507.059202,790.2548263,9.454486445,0.447876448,0.178893179,a,c,4570,1,1
881,4203.016688,620.4056483,6.637434515,0.449293967,0.200256739,a,a,180,1,1
882,6615.955729,843.4388021,7.795019186,0.44921875,0.19140625,a,a,30,1,1
883,4768.650834,502.6174583,9.441933111,0.449293967,0.200256739,a,a,3200,1,1
884,5536.909968,530.0691318,10.33333866,0.440514469,0.175241158,d,c,7550,1,2
885,5458.675258,729.2448454,7.409815248,0.448453608,0.201030928,a,a,480,1,1
886,6442.724005,609.0012837,10.4867225,0.449293967,0.200256739,a,c,12430,1,1
887,6896.303502,577.8767834,11.78200747,0.447470817,0.207522698,d,a,19700,1,2
888,7998.741071,743.4094388,10.67413374,0.450255102,0.18494898,d,a,4450,1,2
889,4144.437179,452.9538462,9.047989284,0.45,0.203846154,d,a,18670,1,2
890,5729.583601,444.6768489,12.73032707,0.440514469,0.175241158,a,a,4450,1,1
891,7976.407216,1097.460052,7.214570626,0.448453608,0.201030928,a,c,350,1,1
892,7599.162821,780.0474359,9.639833308,0.451282051,0.2,a,a,19370,1,1
893,6396.590032,827.8536977,7.689250115,0.440514469,0.175241158,a,a,130,1,1
894,8468.479896,1034.712062,8.058901098,0.452658885,0.20233463,a,a,190,1,1
895,9329.359073,881.7207207,10.52215025,0.447876448,0.178893179,a,c,4150,1,1
896,6937.665816,1087.744898,6.345409486,0.450255102,0.18494898,a,c,170,1,1
897,3492.94473,345.6105398,10.10270424,0.449871465,0.176092545,c,c,3290,1,2
898,6615.434783,710.9194373,9.215552244,0.45140665,0.195652174,a,a,18540,1,1
899,5268.315385,562.5115385,9.189598738,0.451282051,0.2,d,a,2590,1,1
900,5844.512862,549.0257235,10.58719367,0.440514469,0.175241158,a,a,3920,1,1
901,7231.042092,638.7066327,11.21893273,0.450255102,0.18494898,a,c,3170,1,1
902,4886.471061,628.9405145,7.741001667,0.440514469,0.175241158,a,a,310,1,1
903,11737.74598,817.7765273,14.30948374,0.440514469,0.175241158,d,c,7290,1,2
904,6016.757235,513.988746,11.61495603,0.440514469,0.175241158,d,c,570,1,2
905,8530.251605,1267.450578,6.653586972,0.449293967,0.200256739,a,a,90,1,1
906,10929.28937,1270.84507,8.52524113,0.448143406,0.204865557,a,a,90,1,3
907,6270.749679,829.3286264,7.518646322,0.449293967,0.200256739,a,c,250,1,1
908,4234.827145,363.0742638,11.37694332,0.448143406,0.204865557,a,a,1980,1,1
909,10728.98353,1020.093904,10.35449632,0.439868204,0.177924217,a,c,1680,1,3
910,5708.80641,573.5705128,9.812291,0.45,0.203846154,d,c,12480,1,2
911,9884.908163,909.4209184,10.79175068,0.450255102,0.18494898,a,c,16490,1,2
912,5765.979592,758.6454082,7.548220886,0.450255102,0.18494898,c,c,3100,1,1
913,8892.161082,1162.458763,7.544833385,0.448453608,0.176546392,a,a,280,1,1
914,9506.707908,1133.428571,8.331856303,0.450255102,0.18494898,c,c,2640,1,2
915,6338.107717,513.681672,12.26564219,0.440514469,0.175241158,d,c,650,1,2
916,5382.226804,704.556701,7.588117847,0.448453608,0.201030928,a,a,90,1,1
917,6702.944801,741.2862644,8.962584605,0.449293967,0.200256739,a,a,7240,1,1
918,5187.271795,552.9435897,9.276157358,0.451282051,0.2,a,c,18710,1,1
919,5536.381643,676.6489533,8.078615631,0.441223833,0.173913043,a,a,2620,1,1
920,5764.196141,581.6848875,9.845820872,0.440514469,0.175241158,a,a,850,1,1
921,9473.894872,1094.59359,8.68995766,0.451282051,0.2,a,a,840,1,1
922,7405.846452,713.4245161,10.32050315,0.451612903,0.201290323,d,a,2110,1,2
923,5315.344388,640.0956633,8.319017446,0.450255102,0.202806122,a,a,280,1,1
924,4752.883184,450.1450578,10.44297843,0.449293967,0.200256739,a,a,6420,1,1
925,6702.427083,1200.436198,5.610288724,0.447916667,0.180989583,c,a,470,1,1
926,7260.587933,542.6302953,13.21757232,0.449293967,0.200256739,d,c,5150,1,2
927,6562.111543,872.536965,7.40581085,0.451361868,0.194552529,a,a,480,1,1
928,8014.682927,692.6123235,11.38798826,0.449293967,0.200256739,d,c,1090,1,2
929,5815.345663,711.1581633,8.117964536,0.450255102,0.18494898,a,c,4820,1,1
930,7150.157895,1170.700899,6.065245221,0.449293967,0.200256739,a,a,70,1,1
931,3588.838857,441.7017143,8.149123754,0.404571429,0.169142857,a,c,1480,1,1
932,7395.208668,731.0674157,10.03464899,0.44141252,0.176565008,a,a,15700,1,1
933,7331.479487,905.2923077,7.982069637,0.451282051,0.2,a,c,6270,1,1
934,6763.620026,679.6110398,9.856762578,0.449293967,0.200256739,a,c,5460,1,1
935,5650.705357,600.4260204,9.324528395,0.450255102,0.18494898,a,c,22350,1,1
936,7056.284981,891.3863928,7.869434508,0.449293967,0.200256739,a,a,580,1,1
937,7232.900128,585.4865557,12.23004434,0.448143406,0.204865557,d,a,2810,1,2
938,9408.114796,963.7079082,9.696003756,0.450255102,0.221938776,a,a,2820,1,1
939,5977.849807,576.5096277,10.27552831,0.449293967,0.200256739,d,a,1340,1,2
940,7252.592308,743.0179487,9.648161507,0.451282051,0.2,d,c,6470,1,2
941,5030.638264,554.0948553,8.98160591,0.440514469,0.175241158,a,a,1200,1,1
942,6058.364917,470.4174136,12.75855221,0.448143406,0.204865557,d,c,6860,1,2
943,6969.183569,605.8241335,11.43104559,0.449293967,0.200256739,d,c,18020,1,2
944,7930.507653,1229.524235,6.385561565,0.450255102,0.221938776,c,a,1670,1,1
945,4374.955357,530.8864796,8.239783572,0.450255102,0.18494898,a,c,12480,1,1
946,4203.427471,532.6367137,7.805768605,0.449293967,0.175866496,a,a,2220,1,1
947,8392.398184,1140.297017,7.32963695,0.451361868,0.180285344,a,a,460,1,1
948,6944.243797,1714.269687,4.02321495,0.381877023,0.167206041,b,b,1430,1,3
949,5350.006378,496.9119898,10.50825699,0.450255102,0.202806122,a,a,870,1,1
950,5742.317419,562.3135484,10.09969797,0.449032258,0.179354839,a,a,8460,1,1
951,7776.979461,718.8331194,10.70520943,0.449293967,0.200256739,d,c,710,1,2
952,6568.048232,530.2202572,12.3395581,0.440514469,0.175241158,d,c,6300,1,2
953,5323.455243,542.5946292,9.698508719,0.45140665,0.195652174,a,a,19830,1,1
954,6966.04878,905.3979461,7.590259407,0.449293967,0.200256739,a,a,390,1,1
955,4719.549422,456.7021823,10.1879365,0.449293967,0.200256739,d,c,1690,1,2
956,3855.912371,496.2860825,7.677632497,0.448453608,0.201030928,a,a,2330,1,1
957,7898.885204,850.6683673,9.161586627,0.450255102,0.202806122,d,c,1420,1,2
958,4244.432398,562.7321429,7.510677066,0.450255102,0.202806122,a,a,440,1,1
959,7051.434949,744.5956633,9.401326581,0.450255102,0.202806122,a,c,1060,1,1
960,6723.600512,553.0614597,12.01205423,0.448143406,0.204865557,d,a,8990,1,2
961,6521.935815,688.8356868,9.395111808,0.449293967,0.200256739,d,c,9430,1,2
962,6690.614883,908.7480418,7.243301934,0.450391645,0.203655352,c,a,260,1,1
963,10764.32092,1016.213094,10.44415465,0.450577664,0.198973042,a,c,23620,1,1
964,9759.972798,1395.303109,6.944423072,0.450777202,0.17357513,a,a,270,1,3
965,8484.763124,905.4852753,9.244213658,0.448143406,0.204865557,a,c,110,1,1
966,4818.078306,610.2567394,7.873126212,0.449293967,0.200256739,a,a,760,1,1
967,8641.172015,923.3247754,9.323782715,0.449293967,0.200256739,a,c,3560,1,1
968,7191.976923,875.9666667,8.163363064,0.451282051,0.2,c,a,1190,1,1
969,3503.466225,599.1337748,5.788568185,0.449006623,0.18410596,a,c,600,1,1
970,3295.742638,400.1690141,8.186374954,0.448143406,0.204865557,a,a,910,1,1
971,8280.818653,986.6049223,8.273057057,0.450777202,0.196891192,c,a,1140,1,1
972,3422.545584,387.8034188,8.637678437,0.454415954,0.205128205,a,a,14960,1,1
973,6440.985879,789.872914,8.042516403,0.449293967,0.200256739,d,c,330,1,2
974,11540.95498,1561.421222,7.361519466,0.440514469,0.175241158,a,a,150,1,3
975,7715.736842,743.8331194,10.2859396,0.449293967,0.200256739,a,c,9630,1,1
976,6974.96534,717.7394095,9.571819813,0.449293967,0.200256739,a,a,4180,1,1
977,4774.142857,510.5810594,9.098637029,0.44141252,0.176565008,a,a,520,1,1
978,7213.574359,971.5769231,7.331588414,0.451282051,0.2,c,c,3890,1,1
979,6264.460358,636.3823529,9.674234384,0.45140665,0.195652174,a,c,2270,1,1
980,7019.616175,554.7676508,12.52372527,0.449293967,0.200256739,a,a,4420,1,1
981,7308.912821,754.225641,9.57014257,0.45,0.203846154,d,c,2620,1,2
982,8058.279487,691.6628205,11.49922942,0.451282051,0.2,d,a,21930,1,2
983,10286.36917,1383.505181,7.366783297,0.453367876,0.202072539,a,a,40,1,3
984,6067.219072,740.3492268,8.084053156,0.448453608,0.201030928,c,a,440,1,1
985,8387.258687,774.7541828,10.76831607,0.447876448,0.178893179,c,c,490,1,2
986,6228.320363,829.1608301,7.427475525,0.451361868,0.20233463,a,a,620,1,1
987,6847.355867,867.4655612,7.793733456,0.450255102,0.202806122,c,a,1690,1,1
988,4698.071429,722.5076531,6.486385262,0.450255102,0.18494898,a,a,30,1,1
989,5242.463023,573.5450161,9.075773683,0.440514469,0.175241158,a,a,1640,1,1
990,6409.134615,573.4807692,11.04846109,0.451282051,0.2,d,a,20930,1,2
991,5756.765083,536.7509628,10.6536305,0.449293967,0.200256739,a,a,1010,1,1
992,5715.991014,701.1424904,8.098384416,0.449293967,0.200256739,a,a,2480,1,1
993,7618.029487,752.8294872,10.01248644,0.451282051,0.2,d,c,3460,1,2
994,4539.516046,442.0115533,10.04643322,0.449293967,0.200256739,a,a,2290,1,1
995,9264.346154,788.1205128,11.65794699,0.451282051,0.2,d,a,6560,1,2
996,6510.046936,696.714472,9.151006837,0.452411995,0.203389831,c,a,2870,1,1
997,5157.918054,412.3226633,12.30536543,0.448143406,0.204865557,d,c,5840,1,2
998,4316.940798,534.2767053,8.032046386,0.447876448,0.178893179,a,a,780,1,1
999,9183.744872,660.4012821,13.67570844,0.451282051,0.2,d,c,15140,1,2
1000,7452.61254,681.1495177,10.87329151,0.440514469,0.175241158,a,c,2230,1,2
1001,5420.721228,621.0025575,8.583795493,0.45140665,0.195652174,c,a,19640,1,1
1002,6063.507653,717.3686224,8.375952539,0.450255102,0.202806122,d,c,1130,1,2
1003,7382.803594,773.1065469,9.404993715,0.449293967,0.200256739,a,a,170,1,1
1004,5165.445338,451.9003215,11.26811757,0.440514469,0.175241158,d,c,970,1,2
1005,6205.980745,936.6919127,6.581480356,0.449293967,0.200256739,a,a,6480,1,1
1006,6371.961538,866.2525641,7.273375309,0.45,0.203846154,c,c,3890,1,1
1007,6996.204082,816.1454082,8.480868364,0.450255102,0.18494898,c,c,4180,1,2
1008,5331.103316,716.6517857,7.344981864,0.450255102,0.201530612,a,c,30,1,1
1009,4772.184887,458.1495177,10.39957487,0.440514469,0.175241158,a,a,230,1,1
1010,8874.156888,807.4706633,10.887236,0.450255102,0.18494898,d,c,4610,1,2
1011,7878.237484,943.3273427,8.273000228,0.449293967,0.200256739,a,c,490,1,1
1012,6049.710611,517.0128617,11.63422416,0.440514469,0.175241158,d,c,6330,1,2
1013,3993.560976,443.1412067,8.890047607,0.449293967,0.200256739,a,a,630,1,1
1014,12206.80616,1349.646983,8.953253131,0.449293967,0.200256739,a,c,210,1,3
1015,6040.029525,492.4749679,12.14692661,0.449293967,0.175866496,d,c,9910,1,2
1016,5409.414634,500.1925546,10.57316757,0.449293967,0.200256739,c,c,550,1,2
1017,7222.212516,1018.402868,7.048682459,0.449804433,0.20208605,c,a,110,1,1
1018,11748.34271,1359.478261,8.56448643,0.450127877,0.202046036,c,c,140,1,3
1019,9071.004815,753.5682183,11.85492989,0.44141252,0.176565008,d,c,2740,1,2
1020,9032.451985,1109.910371,8.097389949,0.448143406,0.204865557,a,a,40,1,1
1021,8877.748052,1062.009091,8.32651566,0.450649351,0.197402597,a,a,1080,1,1
1022,7325.005135,823.0231065,8.758874671,0.449293967,0.200256739,a,c,1520,1,1
1023,6152.617949,630.1679487,9.651971949,0.451282051,0.2,c,a,3740,1,1
1024,6135.470663,785.4336735,7.748186394,0.450255102,0.18494898,c,c,1990,1,1
1025,7425.501289,866.6997423,8.523896711,0.448453608,0.176546392,a,a,720,1,1
1026,9495.616175,1180.288832,7.932209747,0.449293967,0.200256739,c,a,450,1,1
1027,13104.08828,1657.932584,7.790354473,0.44141252,0.176565008,a,c,190,1,3
1028,4732.63543,546.5802311,8.472190358,0.449293967,0.200256739,a,a,150,1,1
1029,5416.497436,757.7217949,7.164954878,0.45,0.203846154,a,a,1590,1,1
1030,3610.670513,331.9179487,10.7267429,0.45,0.203846154,a,a,36410,1,1
1031,4843.856226,417.9691913,11.41405149,0.449293967,0.200256739,d,a,590,1,2
1032,9195.198718,964.2769231,9.484802138,0.45,0.203846154,d,c,270,1,2
1033,13865.14031,1299.230867,10.596142,0.450255102,0.202806122,a,a,7680,1,3
1034,6503.775641,728.3974359,8.859121865,0.451282051,0.2,a,a,13750,1,1
1035,4876.658974,577.4653846,8.337969178,0.451282051,0.2,a,a,27150,1,1
1036,4986.202824,471.5943517,10.51006189,0.449293967,0.200256739,d,c,9560,1,2
1037,6906.44359,873.9474359,7.838138739,0.45,0.2,a,c,150,1,1
1038,5897.262058,513.437299,11.39841902,0.440514469,0.175241158,d,a,17290,1,2
1039,8202.703511,1040.083225,7.812238722,0.44863459,0.202860858,a,c,70,1,1
1040,8697.509628,866.1540436,9.921082723,0.449293967,0.200256739,a,a,4030,1,1
1041,6111.715434,655.9726688,9.283510713,0.440514469,0.175241158,c,a,1600,1,1
1042,4131.250321,546.8575096,7.451063121,0.449293967,0.200256739,a,a,3440,1,1
1043,8792.828205,1206.980769,7.228789945,0.45,0.203846154,c,a,420,1,1
1044,6622.019305,894.7554698,7.333320084,0.447876448,0.178893179,c,a,240,1,1
1045,7535.88675,915.2468856,8.156928352,0.400906002,0.167610419,a,c,26990,1,3
1046,8698.353846,684.0641026,12.53573592,0.45,0.203846154,d,c,29070,1,2
1047,4885.469072,525.6469072,9.171408472,0.448453608,0.201030928,a,a,3750,1,1
1048,6887.168582,531.5823755,12.76854126,0.45083014,0.183908046,d,c,1860,1,2
1049,3985.379421,636.2572347,6.224789869,0.440514469,0.175241158,a,a,370,1,1
1050,7389.514725,517.7234315,14.13073879,0.448143406,0.204865557,d,c,13170,1,2
1051,7490.758486,1006.344648,7.347644881,0.447780679,0.181462141,c,a,200,1,1
1052,7269.395379,756.0770218,9.519278288,0.449293967,0.200256739,a,c,5080,1,1
1053,8932.307398,1009.772959,8.705176523,0.450255102,0.221938776,a,a,1710,1,1
1054,6034.232143,616.9757653,9.685960675,0.450255102,0.18494898,a,c,13190,1,1
1055,7914.59387,990.4061303,7.910537152,0.449553001,0.203065134,c,a,1980,1,1
1056,3877.298555,369.8362761,10.36938284,0.44141252,0.176565008,d,c,5350,1,2
1057,6423.996173,640.4119898,9.968495388,0.450255102,0.18494898,d,c,3230,1,2
1058,7263.338896,700.9101412,10.26231456,0.449293967,0.200256739,a,c,180,1,1
1059,8424.552296,1153.751276,7.240636401,0.450255102,0.201530612,c,a,3380,1,1
1060,7327.313222,848.1065469,8.540735803,0.449293967,0.200256739,a,c,3430,1,1
1061,7378.339768,554.7310167,13.19939281,0.447876448,0.178893179,d,c,8110,1,2
1062,6405.980745,592.4287548,10.65022603,0.449293967,0.175866496,d,a,190,1,2
1063,4271.28699,530.9451531,7.954646089,0.450255102,0.201530612,a,c,6250,1,1
1064,9455.578947,1067.858793,8.800906553,0.449293967,0.200256739,a,c,420,1,1
1065,4198.162379,485.2636656,8.577872947,0.440514469,0.175241158,a,a,1290,1,1
1066,11073.91913,1125.926829,9.804791193,0.449293967,0.200256739,a,a,3350,1,1
1067,5756.186495,490.3729904,11.65682994,0.440514469,0.175241158,d,c,12020,1,2
1068,4441.53668,309.5444015,14.23573048,0.447876448,0.178893179,d,c,5010,1,2
1069,6305.269821,794.702046,7.823435998,0.45140665,0.195652174,a,c,18050,1,1
1070,7034.711735,867.9528061,8.028073749,0.450255102,0.221938776,c,c,400,1,1
1071,6027.225765,728.619898,8.222854466,0.450255102,0.18494898,a,a,820,1,1
1072,6821.911425,642.0731707,10.52292442,0.449293967,0.200256739,a,c,5380,1,1
1073,7276.792041,918.2631579,7.843883484,0.449293967,0.200256739,a,c,1710,1,1
1074,5146.24359,555.6076923,9.150376542,0.451282051,0.2,c,c,3330,1,2
1075,11485.38903,1092.760204,10.4836359,0.450255102,0.202806122,a,c,1410,1,3
1076,3620.025674,545.449294,6.564140823,0.449293967,0.200256739,a,c,90,1,1
1077,4489.767651,495.9396662,8.943171758,0.449293967,0.200256739,a,a,3750,1,1
1078,6808.079794,523.6293436,12.75875575,0.447876448,0.178893179,d,c,670,1,2
1079,8685.31242,689.3265045,12.41948151,0.448143406,0.204865557,a,a,16680,1,1
1080,10190.76527,841.5305466,12.05612684,0.440514469,0.175241158,a,a,2410,1,1
1081,5924.919419,937.1783355,6.243340765,0.377807133,0.184940555,b,a,400,1,3
1082,7044.787179,1034.696154,6.73785774,0.451282051,0.2,c,a,440,1,1
1083,5146.368758,360.6504481,14.16065523,0.448143406,0.204865557,d,c,11540,1,2
1084,6271.369565,807.9590793,7.716501854,0.448849105,0.204603581,a,a,190,1,1
1085,7567.233418,760.3201531,9.867896614,0.450255102,0.202806122,c,a,4030,1,1
1086,7677.409731,839.134443,8.898976749,0.448143406,0.204865557,a,a,180,1,1
1087,6282.202806,615.4808673,10.1249013,0.450255102,0.221938776,d,c,2210,1,2
1088,5084.703466,485.1476252,10.35627765,0.449293967,0.200256739,a,a,4300,1,1
1089,10160.76123,1002.575096,10.06119521,0.449293967,0.200256739,d,a,5220,1,2
1090,6453.071795,785.6602564,8.128108422,0.451282051,0.2,a,a,330,1,1
1091,8276.345663,697.1913265,11.73585078,0.450255102,0.18494898,a,c,9990,1,2
1092,11960.53859,1165.022508,10.22537495,0.440514469,0.175241158,a,a,300,1,3
1093,8338.826923,869.45,9.521067994,0.451282051,0.2,c,c,10450,1,2
1094,4574.715434,373.8424437,12.17319392,0.440514469,0.175241158,d,a,2380,1,2
1095,4781.415601,677.8324808,6.977261084,0.45140665,0.195652174,a,a,690,1,1
1096,5456.523748,633.0629012,8.493275641,0.449293967,0.200256739,a,c,1130,1,1
1097,9744.599788,2420.921444,4.015246959,0.382165605,0.159235669,b,b,720,1,3
1098,5259.497436,709.0769231,7.341476385,0.451282051,0.2,a,a,1830,1,1
1099,7743.111982,979.9496081,7.860948781,0.396416573,0.167973124,a,c,200,1,3
1100,5419.211964,669.0507152,7.93031485,0.44993498,0.197659298,a,a,540,1,1
1101,9972.266582,988.4502551,9.971626885,0.450255102,0.18494898,d,c,4060,1,2
1102,6999.988746,706.477492,9.867706903,0.440514469,0.175241158,a,a,850,1,1
1103,5019.544174,385.6645327,12.84546149,0.448143406,0.204865557,d,c,1340,1,2
1104,5461.434084,431.2138264,12.5577832,0.440514469,0.175241158,d,a,260,1,2
1105,4564.572529,510.0359435,8.776140877,0.449293967,0.200256739,c,c,330,1,1
1106,4894.095663,557.6135204,8.695078986,0.450255102,0.18494898,a,c,5330,1,1
1107,6231.720706,668.5313002,9.131440222,0.44141252,0.176565008,a,a,1400,1,1
1108,5746.921795,590.2666667,9.576191387,0.451282051,0.2,a,a,540,1,1
1109,4927.20418,452.3376206,10.77207706,0.440514469,0.175241158,c,a,3490,1,2
1110,4531.9106,540.1762452,8.251159136,0.45083014,0.203065134,c,c,900,1,1
1111,5251.702182,451.7111682,11.54738778,0.449293967,0.200256739,a,a,1900,1,1
1112,10236.57766,838.6084724,11.99385252,0.449293967,0.200256739,c,c,1880,1,2
1113,6627.859694,717.0293367,9.211188529,0.450255102,0.18494898,a,c,9260,1,1
1114,20666.5625,3200.946429,6.454991923,0.450255102,0.201530612,a,c,870,1,3
1115,6302.46991,432.6299616,14.41595414,0.448143406,0.204865557,d,c,5350,1,2
